bodyId_pre,bodyId_post,weight
1004700437,1260197431,20
1004700437,1325405571,3
1004700437,1418186940,5
1004700437,5813022538,11
1004700437,5813068748,3
1072063538,1198693217,8
1200053009,1444351896,3
1258686925,1260197431,12
1258686925,1418186940,7
1258686925,5813022538,7
1260197431,912925080,3
1260197431,944262351,5
1418186940,1258686925,3
5813022538,1258686925,4
5813042659,1291094620,3
666308023,1260197431,7
666308023,1418186940,8
666308023,5813022538,5
666994301,1260197431,4
666994301,1418186940,4
666994301,5813022538,4
789130596,1260197431,5
789130596,1418186940,15
850194651,1418186940,3
850855138,1260197431,18
850855138,1418186940,11
850855138,5813022538,6
851493896,1260197431,9
851493896,1325405571,4
851493896,1418186940,7
851493896,5813022538,5
880875927,1260197431,6
880875927,1418186940,5
895441451,1322129781,10
895441451,1322137688,6
895441451,1355806197,5
911569552,1260197431,15
911569552,1418186940,9
911569552,5813022538,4
912925080,1260197431,11
912925080,1418186940,12
912925080,5813022538,7
941939879,1260197431,7
941939879,1418186940,5
941939879,5813022538,5
944262351,1260197431,6
944262351,1418186940,3
944262351,5813022538,10
