bodyId,type,instance,circuit_class
1001453586,KCa'b'-ap1,KCa'b'-ap1_R,KC
1003474104,KCa'b'-ap1,KCa'b'-ap1_R,KC
1003474283,KCg-m,KCg-m_R,KC
1003478461,KCg-m,KCg-m_R,KC
1003837184,KCg-d,KCg-d_R,KC
1004514584,KCg-d,KCg-d_R,KC
1004514714,KCg-d,KCg-d_R,KC
1004527604,KCg-m,KCg-m_R,KC
1004527691,KCg-m,KCg-m_R,KC
1004527700,KCg-m,KCg-m_R,KC
1005179264,KCg-m,KCg-m_R,KC
1005179377,KCg-d,KCg-d_R,KC
1006258344,VM5d_adPN,VM5d_adPN_R,PN
1016114585,PAM11,PAM11(a1)_L,DAN
1016118449,PAM11,PAM11(a1)_L,DAN
1016118651,KCab-c,KCab-c_R,KC
1016122913,KCab-c,KCab-c_R,KC
1016123127,KCab-c,KCab-c_R,KC
1016459595,KCab-m,KCab-m_R,KC
1016805008,KCab-p,KCab-p_R,KC
1016835041,MBON09,MBON09(y3B'1)(AVM17)_L,MBON
1016839809,PAM06_a,PAM06_a(B'2m)_R,DAN
1017819398,KCa'b'-ap2,KCa'b'-ap2_R,KC
1017992752,PAM06_a,PAM06_a(B'2m)_L,DAN
1018164997,KCa'b'-ap1,KCa'b'-ap1_R,KC
1018510191,KCa'b'-ap1,KCa'b'-ap1_R,KC
1019024473,PAM07,PAM07(y4<y1y2)_L,DAN
1019347828,PAM08_a,PAM08_a(y4)_L,DAN
1034198388,KCab-p,KCab-p_R,KC
1035557785,KCg-m,KCg-m_R,KC
1035562328,KCg-m,KCg-m_R,KC
1036559440,KCg-m,KCg-m_R,KC
1036559490,KCg-m,KCg-m_R,KC
1036563762,KCa'b'-ap1,KCa'b'-ap1_R,KC
1046812283,KCab-m,KCab-m_R,KC
1046816660,KCab-c,KCab-c_R,KC
1047153433,KCab-c,KCab-c_R,KC
1047157746,KCab-m,KCab-m_R,KC
1047157958,KCab-c,KCab-c_R,KC
1047183897,PAM04_a,PAM04_a(B2)_R,DAN
1047489962,PAM11,PAM11(a1)_L,DAN
1047525093,PAM01_a,PAM01_a(y5)_R,DAN
1047835635,KCa'b'-m,KCa'b'-m_R,KC
1048004460,PAM09,PAM09(B1ped)_L,DAN
1048172314,PPL103,PPL103(y2a'1)(PDL05)_L,DAN
1048207713,PAM09,PAM09(B1ped)_R,DAN
1048215779,MBON09,MBON09(y3B'1)(AVM17)_L,MBON
1048517845,KCa'b'-m,KCa'b'-m_R,KC
1048854479,KCa'b'-ap2,KCa'b'-ap2_R,KC
1049549402,KCa'b'-ap1,KCa'b'-ap1_R,KC
1049549412,KCa'b'-ap1,KCa'b'-ap1_R,KC
1050249677,PAM07,PAM07(y4<y1y2)_R,DAN
1050585709,PAM03,PAM03(B2B'2a)_R,DAN
1051630846,PAM08_e,PAM08_e(y4)_R,DAN
1064891781,KCab-p,KCab-p_R,KC
1067598881,KCg-m,KCg-m_R,KC
1068272038,KCg-m,KCg-m_R,KC
1068276312,KCg-m,KCg-m_R,KC
1068613227,KCg-m,KCg-m_R,KC
1068613231,KCg-m,KCg-m_R,KC
1068613282,KCg-m,KCg-m_R,KC
1068617431,KCg-m,KCg-m_R,KC
1068954342,KCg-m,KCg-m_R,KC
1068954391,KCg-m,KCg-m_R,KC
1068958593,KCg-m,KCg-m_R,KC
1068958652,KCg-m,KCg-m_R,KC
1069295816,KCg-m,KCg-m_R,KC
1069295830,KCg-m,KCg-m_R,KC
1077847238,PAM11,PAM11(a1)_R,DAN
1077851524,KCab-c,KCab-c_R,KC
1077851551,KCab-c,KCab-c_R,KC
1078007730,PAM04_a,PAM04_a(B2)_L,DAN
1078525257,KCab-m,KCab-m_R,KC
1078534091,KCab-s,KCab-s_R,KC
1078534115,KCab-s,KCab-s_R,KC
1078572735,PAM04_a,PAM04_a(B2)_R,DAN
1078693835,MBON09,MBON09(y3B'1)_R,MBON
1078874826,KCab-p,KCab-p_R,KC
1078875017,KCab-s,KCab-s_R,KC
1079215685,KCa'b'-ap2,KCa'b'-ap2_R,KC
1079707882,PAM04_a,PAM04_a(B2)_L,DAN
1080566792,KCa'b'-ap2,KCa'b'-ap2_R,KC
1080579786,KCa'b'-ap1,KCa'b'-ap1_R,KC
1080579985,KCa'b'-ap1,KCa'b'-ap1_R,KC
1080580151,KCg-m,KCg-m_R,KC
1081086613,PAM12,PAM12(y3)_L,DAN
1081434698,PAM07,PAM07(y4<y1y2)_L,DAN
1081767446,PAM05,PAM05(B'2p)_L,DAN
1096919756,KCg-m,KCg-m_R,KC
1097265345,KCg-m,KCg-m_R,KC
1100675450,KCg-m,KCg-m_R,KC
1100675497,KCg-m,KCg-m_R,KC
1101012503,KCg-m,KCg-m_R,KC
1101353948,KCg-m,KCg-m_R,KC
1108541296,KCab-m,KCab-m_R,KC
1108545472,KCab-p,KCab-p_R,KC
1108545599,KCab-s,KCab-s_R,KC
1109223365,KCab-m,KCab-m_R,KC
1109568528,KCab-s,KCab-s_R,KC
1109568718,PAM11,PAM11(a1)_L,DAN
1109957857,PAM01_a,PAM01_a(y5)_R,DAN
1110298200,PAM02,PAM02(B'2a)_R,DAN
1110307501,PAM08_b,PAM08_b(y4)_R,DAN
1110937445,KCg-m,KCg-m_R,KC
1110972158,PAM10,PAM10(B1)_R,DAN
1110985490,KCg-m,KCg-m_R,KC
1110997994,PAM08_b,PAM08_b(y4)_R,DAN
1111278454,KCg-m,KCg-m_R,KC
1111615136,KCa'b'-ap2,KCa'b'-ap2_R,KC
1111947403,KCa'b'-ap1,KCa'b'-ap1_R,KC
1112125413,PAM07,PAM07(y4<y1y2)_L,DAN
1127604950,KCg-d,KCg-d_R,KC
1129323248,KCg-m,KCg-m_R,KC
1130687130,KCab-s,KCab-s_R,KC
1139667240,MBON13,MBON13(a'2)_R,MBON
1139724251,PAM06_a,PAM06_a(B'2m)_L,DAN
1139921468,KCab-m,KCab-m_R,KC
1139921865,KCab-m,KCab-m_R,KC
1140603698,KCab-s,KCab-s_R,KC
1140655376,PAM02,PAM02(B'2a)_R,DAN
1140655624,PAM08_c,PAM08_c(y4)_R,DAN
1140737968,PAM08_b,PAM08_b(y4)_L,DAN
1140738351,PAM08_c,PAM08_c(y4)_L,DAN
1140750808,PAM04_a,PAM04_a(B2)_L,DAN
1140750938,PAM08_e,PAM08_e(y4)_L,DAN
1140950118,KCg-m,KCg-m_R,KC
1140996390,PAM04_a,PAM04_a(B2)_R,DAN
1141000881,PAM08_b,PAM08_b(y4)_R,DAN
1141006088,KCg-m,KCg-m_R,KC
1141009503,PAM08_b,PAM08_b(y4)_L,DAN
1141009899,KCg-m,KCg-m_R,KC
1141010036,KCg-m,KCg-m_R,KC
1141268794,KCg-d,KCg-d_R,KC
1141290695,KCg-m,KCg-m_R,KC
1141290835,KCg-m,KCg-m_R,KC
1141324564,PAM08_e,PAM08_e(y4)_R,DAN
1141328881,PAM04_a,PAM04_a(B2)_R,DAN
1141329053,PAM04_a,PAM04_a(B2)_R,DAN
1141329227,PAM13,PAM13(B'1ap)_R,DAN
1141337518,KCg-m,KCg-m_R,KC
1141337557,PAM08_d,PAM08_d(y4)_R,DAN
1141337605,PAM08_e,PAM08_e(y4)_R,DAN
1141337629,KCg-m,KCg-m_R,KC
1141337663,KCg-m,KCg-m_R,KC
1141337757,KCg-m,KCg-m_R,KC
1141342258,PAM08_a,PAM08_a(y4)_R,DAN
1141342260,KCg-m,KCg-m_R,KC
1141342299,KCg-m,KCg-m_R,KC
1141346217,KCg-m,KCg-m_R,KC
1141346308,KCg-m,KCg-m_R,KC
1141346462,KCg-m,KCg-m_R,KC
1141346472,KCg-m,KCg-m_R,KC
1141350537,PAM08_b,PAM08_b(y4)_R,DAN
1141630854,KCg-m,KCg-m_R,KC
1141631198,KCg-m,KCg-m_R,KC
1141631240,KCg-m,KCg-m_R,KC
1141636055,KCg-m,KCg-m_R,KC
1141636389,KCg-m,KCg-m_R,KC
1141674495,KCg-m,KCg-m_R,KC
1141678637,KCg-m,KCg-m_R,KC
1141678665,PAM12,PAM12(y3)_R,DAN
1141678931,KCg-m,KCg-m_R,KC
1141678948,PAM08_e,PAM08_e(y4)_R,DAN
1141682748,KCg-m,KCg-m_R,KC
1141687128,PAM07,PAM07(y4<y1y2)_R,DAN
1141687352,KCg-m,KCg-m_R,KC
1141691881,KCg-m,KCg-m_R,KC
1141692008,PAM08_a,PAM08_a(y4)_R,DAN
1141972158,KCg-m,KCg-m_R,KC
1141972202,KCg-m,KCg-m_R,KC
1141976953,KCg-m,KCg-m_R,KC
1141977014,KCg-m,KCg-m_R,KC
1141977071,KCg-m,KCg-m_R,KC
1142011140,PAM07,PAM07(y4<y1y2)_R,DAN
1142019737,KCg-m,KCg-m_R,KC
1142019868,KCg-m,KCg-m_R,KC
1142019878,KCg-s4,KCg-s4_R,KC
1142024290,KCg-m,KCg-m_R,KC
1142028710,KCg-m,KCg-m_R,KC
1142356511,KCg-m,KCg-m_R,KC
1142356576,PAM08_a,PAM08_a(y4)_R,DAN
1142360528,KCg-m,KCg-m_R,KC
1142365351,PAM08_a,PAM08_a(y4)_R,DAN
1142658717,KCg-m,KCg-m_R,KC
1142706421,KCg-m,KCg-m_R,KC
1142994933,KCg-m,KCg-m_R,KC
1143332046,KCg-m,KCg-m_R,KC
1143340753,KCg-m,KCg-m_R,KC
1143677310,KCg-m,KCg-m_R,KC
1143686159,KCg-m,KCg-m_R,KC
1161731111,KCg-m,KCg-m_R,KC
1162063500,KCab-m,KCab-m_R,KC
1164113870,KCg-m,KCg-m_R,KC
1165465632,KCg-m,KCg-m_R,KC
1169657925,KCa'b'-ap1,KCa'b'-ap1_R,KC
1169661785,KCa'b'-ap2,KCa'b'-ap2_R,KC
1169989698,PAM05,PAM05(B'2p)_R,DAN
1169989859,PAM05,PAM05(B'2p)_R,DAN
1169993905,PAM05,PAM05(B'2p)_R,DAN
1169999059,KCa'b'-ap1,KCa'b'-ap1_R,KC
1170322501,PAM06_a,PAM06_a(B'2m)_R,DAN
1170326256,KCa'b'-ap1,KCa'b'-ap1_R,KC
1170326295,KCa'b'-ap1,KCa'b'-ap1_R,KC
1170335262,KCa'b'-ap1,KCa'b'-ap1_R,KC
1170344185,KCa'b'-ap1,KCa'b'-ap1_R,KC
1170348225,PAM06_a,PAM06_a(B'2m)_L,DAN
1170404875,PAM05,PAM05(B'2p)_R,DAN
1170413425,PAM06_a,PAM06_a(B'2m)_R,DAN
1170606692,KCab-s,KCab-s_R,KC
1170667130,KCa'b'-ap1,KCa'b'-ap1_R,KC
1171280441,KCg-d,KCg-d_R,KC
1171431567,PAM01_a,PAM01_a(y5)_L,DAN
1171436073,PAM13,PAM13(B'1ap)_L,DAN
1171617407,KCg-d,KCg-d_R,KC
1171621616,KCg-d,KCg-d_R,KC
1171621682,KCg-d,KCg-d_R,KC
1171690432,PAM02,PAM02(B'2a)_R,DAN
1171690479,PAM05,PAM05(B'2p)_R,DAN
1171704378,KCg-m,KCg-m_R,KC
1171759765,PAM08_e,PAM08_e(y4)_L,DAN
1171772286,PAM08_a,PAM08_a(y4)_L,DAN
1171785552,PAM13,PAM13(B'1ap)_L,DAN
1172031461,PAM08_c,PAM08_c(y4)_R,DAN
1172044382,KCg-m,KCg-m_R,KC
1172053274,KCg-m,KCg-m_R,KC
1172363878,KCg-m,KCg-m_R,KC
1172372291,KCg-m,KCg-m_R,KC
1172372382,KCg-m,KCg-m_R,KC
1172372655,PAM02,PAM02(B'2a)_R,DAN
1172385513,KCg-m,KCg-m_R,KC
1172433712,PAM08_e,PAM08_e(y4)_L,DAN
1172441674,PAM12,PAM12(y3)_L,DAN
1172446050,PAM08_a,PAM08_a(y4)_L,DAN
1172446164,PAM07,PAM07(y4<y1y2)_L,DAN
1172665846,KCg-m,KCg-m_R,KC
1172670463,KCg-m,KCg-m_R,KC
1172704683,KCg-m,KCg-m_R,KC
1172713514,KCg-m,KCg-m_R,KC
1172713521,KCg-s1,KCg-s1(super)_R,KC
1172730733,KCg-m,KCg-m_R,KC
1172774470,PAM15_a,PAM15_a(y5B'2a)_L,DAN
1172796014,PAM08_a,PAM08_a(y4)_L,DAN
1173007139,PAM14,PAM14(B'1m)_R,DAN
1173011450,PAM13,PAM13(B'1ap)_L,DAN
1173016042,KCg-m,KCg-m_R,KC
1173045815,PAM12,PAM12(y3)_R,DAN
1173054679,KCg-m,KCg-m_R,KC
1173063302,KCg-m,KCg-m_R,KC
1173067651,KCg-m,KCg-m_R,KC
1173072129,KCg-m,KCg-m_R,KC
1173076392,PAM08_e,PAM08_e(y4)_R,DAN
1173076523,PAM08_e,PAM08_e(y4)_R,DAN
1173347968,KCa'b'-ap2,KCa'b'-ap2_R,KC
1173391076,KCg-m,KCg-m_R,KC
1173408617,KCg-m,KCg-m_R,KC
1173417505,KCg-d,KCg-d_R,KC
1173732234,KCg-m,KCg-m_R,KC
1173745220,KCg-m,KCg-m_R,KC
1173745330,PAM08_a,PAM08_a(y4)_R,DAN
1173745411,KCg-m,KCg-m_R,KC
1173753977,PAM08_e,PAM08_e(y4)_R,DAN
1173814525,MBON34,MBON34(y2)_L,MBON
1174008477,KCg-m,KCg-m_R,KC
1174077762,KCg-m,KCg-m_R,KC
1174384118,KCg-m,KCg-m_R,KC
1174410293,KCg-d,KCg-d_R,KC
1174712037,KCg-m,KCg-m_R,KC
1175070762,KCg-d,KCg-d_R,KC
1191392918,KCg-d,KCg-d_R,KC
1196854070,PPL101,PPL101(y1pedc)(PDL05)_L,DAN
1200351169,KCa'b'-ap2,KCa'b'-ap2_R,KC
1200351200,KCa'b'-ap2,KCa'b'-ap2_R,KC
1200683283,KCa'b'-ap2,KCa'b'-ap2_R,KC
1200687716,PAM06_a,PAM06_a(B'2m)_L,DAN
1200687913,KCa'b'-ap2,KCa'b'-ap2_R,KC
1200700424,KCa'b'-ap2,KCa'b'-ap2_R,KC
1200752926,PAM06_a,PAM06_a(B'2m)_L,DAN
1200753147,PAM06_b,PAM06_b(B'2m)_L,DAN
1200753289,PAM06_a,PAM06_a(B'2m)_L,DAN
1201028519,KCa'b'-ap1,KCa'b'-ap1_R,KC
1201032707,KCa'b'-ap1,KCa'b'-ap1_R,KC
1202060409,KCa'b'-ap1,KCa'b'-ap1_R,KC
1202125326,PAM01_b,PAM01_b(y5)_L,DAN
1202397143,PAM01_b,PAM01_b(y5)_R,DAN
1202410042,KCg-m,KCg-m_R,KC
1202462198,PAM02,PAM02(B'2a)_L,DAN
1202470836,PAM07,PAM07(y4<y1y2)_L,DAN
1202673723,KCa'b'-ap2,KCa'b'-ap2_R,KC
1202737975,KCg-m,KCg-m_R,KC
1203066201,PAM02,PAM02(B'2a)_R,DAN
1203066222,PAM04_a,PAM04_a(B2)_R,DAN
1203066401,PAM04_a,PAM04_a(B2)_R,DAN
1203070528,PAM01_a,PAM01_a(y5)_R,DAN
1203420037,KCg-m,KCg-m_R,KC
1203424360,KCg-m,KCg-m_R,KC
1203433388,KCg-d,KCg-d_R,KC
1203709763,KCa'b'-m,KCa'b'-m_R,KC
1203756972,KCg-d,KCg-d_R,KC
1203769621,KCg-d,KCg-d_R,KC
1203769862,KCg-d,KCg-d_R,KC
1203774485,KCg-d,KCg-d_R,KC
1203774508,KCg-d,KCg-d_R,KC
1203779116,KCg-d,KCg-d_R,KC
1203783013,KCg-d,KCg-d_R,KC
1204076441,KCg-m,KCg-m_R,KC
1204124270,PAM01_a,PAM01_a(y5)_R,DAN
1204124281,KCg-d,KCg-d_R,KC
1204175835,PAM07,PAM07(y4<y1y2)_R,DAN
1204391417,PAM13,PAM13(B'1ap)_R,DAN
1204443547,KCg-m,KCg-m_R,KC
1204447548,KCg-m,KCg-m_R,KC
1204547624,PAM12,PAM12(y3)_L,DAN
1204775735,KCg-m,KCg-m_R,KC
1204784216,KCg-m,KCg-m_R,KC
1204875505,PAM12,PAM12(y3)_L,DAN
1205090786,PAM12,PAM12(y3)_R,DAN
1205225146,PAM12,PAM12(y3)_L,DAN
1206114100,PAM12,PAM12(y3)_R,DAN
1224137476,KCg-m,KCg-m_R,KC
1224137495,KCg-s3,KCg-s3_R,KC
1231299343,PAM11,PAM11(a1)_R,DAN
1231718414,KCa'b'-ap2,KCa'b'-ap2_R,KC
1231735257,KCa'b'-ap2,KCa'b'-ap2_R,KC
1232654731,KCg-m,KCg-m_R,KC
1233428010,PAM01_a,PAM01_a(y5)_R,DAN
1233436396,PAM06_b,PAM06_b(B'2m)_R,DAN
1233436426,PAM03,PAM03(B2B'2a)_R,DAN
1233436479,PAM15_b,PAM15_b(y5B'2a)_R,DAN
1233492573,PAM01_b,PAM01_b(y5)_L,DAN
1233501275,PAM13,PAM13(B'1ap)_L,DAN
1233505806,PAM02,PAM02(B'2a)_L,DAN
1233703950,KCab-s,KCab-s_R,KC
1233773217,PAM01_a,PAM01_a(y5)_R,DAN
1234386037,MBON07,MBON07(a1)_R,MBON
1234472633,KCg-d,KCg-d_R,KC
1234481054,PAM01_a,PAM01_a(y5)_R,DAN
1234731487,PAM14,PAM14(B'1m)_L,DAN
1234800242,KCg-m,KCg-m_R,KC
1234809285,KCg-d,KCg-d_R,KC
1235115629,KCg-d,KCg-d_R,KC
1235150293,KCg-d,KCg-d_R,KC
1236073998,KCg-m,KCg-m_R,KC
1236816635,KCg-m,KCg-m_R,KC
1237814053,KCg-d,KCg-d_R,KC
1261989183,KCab-s,KCab-s_R,KC
1262744824,PAM06_b,PAM06_b(B'2m)_L,DAN
1263832477,PAM03,PAM03(B2B'2a)_L,DAN
1264186300,PAM01_a,PAM01_a(y5)_L,DAN
1265157632,KCg-m,KCg-m_R,KC
1265852784,KCg-d,KCg-d_R,KC
1266478519,PAM12,PAM12(y3)_L,DAN
1266871604,PAM01_a,PAM01_a(y5)_R,DAN
1267164975,KCg-m,KCg-m_R,KC
1267868586,KCg-d,KCg-d_R,KC
1268861712,KCg-d,KCg-d_R,KC
1294465669,KCa'b'-ap2,KCa'b'-ap2_R,KC
1295225451,PAM04_b,PAM04_b(B2)(ADM02)_L,DAN
1295501882,PAM02,PAM02(B'2a)_R,DAN
1295566429,PAM02,PAM02(B'2a)_L,DAN
1295855722,PAM01_b,PAM01_b(y5)_R,DAN
1297202769,KCg-m,KCg-m_R,KC
1297556652,KCg-m,KCg-m_R,KC
1297815807,PAM10,PAM10(B1)_L,DAN
1313496027,KCa'b'-ap2,KCa'b'-ap2_R,KC
1326813363,PAM08_a,PAM08_a(y4)_R,DAN
1327494939,KCab-s,KCab-s_R,KC
1327831724,KCa'b'-m,KCa'b'-m_R,KC
1327831994,KCab-s,KCab-s_R,KC
1328505485,KCab-p,KCab-p_R,KC
1328513713,PAM10,PAM10(B1)_L,DAN
1328522741,PAM10,PAM10(B1)_L,DAN
1354411526,KCg-d,KCg-d_R,KC
1359212271,KCab-s,KCab-s_R,KC
1359553384,KCab-s,KCab-s_R,KC
1386512867,MBON05,MBON05(y4>y1y2)_R,MBON
1387575003,KCab-p,KCab-p_R,KC
1387583729,PAM03,PAM03(B2B'2a)_L,DAN
1387583807,PAM03,PAM03(B2B'2a)_R,DAN
1388585088,KCab-p,KCab-p_R,KC
1390618359,KCab-m,KCab-m_R,KC
1390942076,KCab-s,KCab-s_R,KC
1392655948,KCg-t,KCg-t_R,KC
1418273110,KCab-p,KCab-p_R,KC
1418351262,PAM04_a,PAM04_a(B2)_R,DAN
1419019956,PAM04_a,PAM04_a(B2)_R,DAN
1420306364,KCab-m,KCab-m_R,KC
1420651734,KCab-m,KCab-m_R,KC
1420966843,KCab-s,KCab-s_R,KC
1421666260,KCab-m,KCab-m_R,KC
1447201088,DC4_vPN,DC4_vPN_R,PN
1449670372,KCab-s,KCab-s_R,KC
1450011431,KCab-c,KCab-c_R,KC
1451341240,KCab-c,KCab-c_R,KC
1451695303,KCab-m,KCab-m_R,KC
1515418525,KCa'b'-m,KCa'b'-m_R,KC
1536947502,D_adPN,D_adPN_R,PN
1570685283,DM3_vPN,DM3_vPN_R,PN
1609542060,DL3_lPN,DL3_lPN_R,PN
1609883245,DL3_lPN,DL3_lPN_R,PN
1630051981,VA4_lPN,VA4_lPN_R,PN
1639234609,VP1d_il2PN,VP1d_il2PN(dALT),PN
1639243580,VP1d_il2PN,VP1d_il2PN(dALT),PN
1640568102,DL3_lPN,DL3_lPN_R,PN
1640594274,DC1_adPN,DC1_adPN_R,PN
1670934213,DL4_adPN,DL4_adPN_R,PN
1692817033,VA7l_adPN,VA7l_adPN_R,PN
1700937093,DL1_adPN,DL1_adPN_R,PN
1700946301,DL1_adPN,DL1_adPN_R,PN
1703683361,DA3_adPN,DA3_adPN_R,PN
1734350788,DA1_lPN,DA1_lPN_R,PN
1734350908,DA1_lPN,DA1_lPN_R,PN
1734420152,DL2v_adPN,DL2v_adPN_R,PN
1756579280,DL2d_adPN,DL2d_adPN_R,PN
1763149978,ORN_DM6,ORN_DM6_L,ORN
1764091241,DM6_adPN,DM6_adPN_R,PN
1765040289,DA1_lPN,DA1_lPN_R,PN
1788300760,VA1v_adPN,VA1v_adPN_R,PN
1793014716,DL2d_adPN,DL2d_adPN_R,PN
1793351401,DL2d_adPN,DL2d_adPN_R,PN
1796817841,DA2_lPN,DA2_lPN_R,PN
1796818119,DA2_lPN,DA2_lPN_R,PN
1797505019,DA2_lPN,DA2_lPN_R,PN
1827516355,DA2_lPN,DA2_lPN_R,PN
1828206773,DC2_adPN,DC2_adPN_R,PN
1850706912,VC2_lPN,VC2_lPN_R,PN
1850711304,VM1_lPN,VM1_lPN_R,PN
1851061177,VA1d_adPN,VA1d_adPN_R,PN
1851389175,VM3_adPN,VM3_adPN_R,PN
1851393805,VM7d_adPN,VM7d_adPN_R,PN
1857825571,DC3_adPN,DC3_adPN_R,PN
1858171399,DC3_adPN,DC3_adPN_R,PN
1858901026,VP2+_adPN,VP2+_adPN_R,PN
1881751117,VA6_adPN,VA6_adPN_R,PN
1882083076,VA7m_lPN,VA7m_lPN_R,PN
1888524453,VA1d_vPN,VA1d_vPN_R,PN
1888572074,VM5d_adPN,VM5d_adPN_R,PN
1889253763,VM7v_adPN,VM7v_adPN_R,PN
1889253785,VA3_adPN,VA3_adPN_R,PN
1889883818,VL2a_vPN,VL2a_vPN_R,PN
1912789965,VL1_ilPN,VL1_ilPN,PN
1914140664,VM5d_adPN,VM5d_adPN_R,PN
1914823337,VC3l_adPN,VC3l_adPN_R,PN
1914823414,VM5d_adPN,VM5d_adPN_R,PN
1944502935,VP1m+VP5_ilPN,VP1m+VP5_ilPN,PN
1944507292,VL2p_adPN,VL2p_adPN_R,PN
1975878958,VP2_adPN,VP2_adPN_R,PN
1977579449,VA2_adPN,VA2_adPN_R,PN
1977916288,VM3_adPN,VM3_adPN_R,PN
2010992546,VM5v_adPN,VM5v_adPN_R,PN
2064165421,V_ilPN,V_ilPN,PN
2069648663,VP1m+VP5_ilPN,VP1m+VP5_ilPN,PN
2166133204,VL1_ilPN,VL1_ilPN,PN
268725517,PAM09,PAM09(B1ped)_L,DAN
294436967,PPL203,PPL203_R,DAN
298595394,PAM10,PAM10(B1)_R,DAN
299613480,PAM09,PAM09(B1ped)_R,DAN
300968622,KCab-m,KCab-m_R,KC
300972942,MBON14,MBON14(a3)_R,MBON
301309622,KCab-c,KCab-c_R,KC
301314150,KCab-c,KCab-c_R,KC
301314154,KCab-c,KCab-c_R,KC
301314208,KCab-c,KCab-c_R,KC
301318641,KCab-c,KCab-c_R,KC
328253133,PAM10,PAM10(B1)_R,DAN
328533761,PPL201,PPL201_R,DAN
328546871,PAM10,PAM10(B1)_R,DAN
329435390,PAM10,PAM10(B1)_L,DAN
331662668,KCab-m,KCab-m_R,KC
331662710,PPL106,PPL106(a3)_R,DAN
331662717,KCab-s,KCab-s_R,KC
331999156,KCab-c,KCab-c_R,KC
331999213,KCab-s,KCab-s_R,KC
332003372,KCab-c,KCab-c_R,KC
332003629,KCab-m,KCab-m_R,KC
332003730,KCab-c,KCab-c_R,KC
332003895,KCab-m,KCab-m_R,KC
332003899,KCab-c,KCab-c_R,KC
332007728,KCab-m,KCab-m_R,KC
332008063,KCab-m,KCab-m_R,KC
332008082,KCab-m,KCab-m_R,KC
332340127,KCab-s,KCab-s_R,KC
332340236,KCab-m,KCab-m_R,KC
332344539,KCab-c,KCab-c_R,KC
332344592,KCab-c,KCab-c_R,KC
332344670,KCab-c,KCab-c_R,KC
332344760,KCab-c,KCab-c_R,KC
332344908,KCab-m,KCab-m_R,KC
332349228,KCab-c,KCab-c_R,KC
332349327,KCab-c,KCab-c_R,KC
332353106,KCab-m,KCab-m_R,KC
332353336,KCab-m,KCab-m_R,KC
332353438,KCab-s,KCab-s_R,KC
332353566,KCab-m,KCab-m_R,KC
332685594,KCab-c,KCab-c_R,KC
332685751,KCab-c,KCab-c_R,KC
332685755,KCab-c,KCab-c_R,KC
332689776,KCab-m,KCab-m_R,KC
332690153,KCab-c,KCab-c_R,KC
333030976,KCab-m,KCab-m_R,KC
333031114,KCab-m,KCab-m_R,KC
333035349,KCab-s,KCab-s_R,KC
333039671,KCab-m,KCab-m_R,KC
354775482,KCg-m,KCg-m_R,KC
354779890,KCg-m,KCg-m_R,KC
359586213,PAM09,PAM09(B1ped)_R,DAN
359598627,PAM10,PAM10(B1)_R,DAN
360941147,PAM09,PAM09(B1ped)_R,DAN
362689128,KCab-s,KCab-s_R,KC
362693077,KCab-m,KCab-m_R,KC
362693473,KCab-m,KCab-m_R,KC
362697657,KCab-s,KCab-s_R,KC
362701764,KCab-s,KCab-s_R,KC
362701875,KCab-s,KCab-s_R,KC
362701895,KCab-m,KCab-m_R,KC
362701969,KCab-s,KCab-s_R,KC
363029976,KCab-m,KCab-m_R,KC
363030024,KCab-m,KCab-m_R,KC
363030040,KCab-s,KCab-s_R,KC
363034174,KCab-m,KCab-m_R,KC
363034211,KCab-m,KCab-m_R,KC
363034407,KCab-m,KCab-m_R,KC
363034501,KCab-c,KCab-c_R,KC
363038752,KCab-c,KCab-c_R,KC
363038831,KCab-m,KCab-m_R,KC
363042781,KCab-m,KCab-m_R,KC
363047222,KCab-s,KCab-s_R,KC
363370708,KCab-c,KCab-c_R,KC
363370913,KCab-m,KCab-m_R,KC
363371001,KCab-m,KCab-m_R,KC
363375247,KCab-c,KCab-c_R,KC
363375408,KCab-c,KCab-c_R,KC
363375475,KCab-c,KCab-c_R,KC
363379387,KCab-c,KCab-c_R,KC
363384083,KCab-m,KCab-m_R,KC
363384090,KCab-m,KCab-m_R,KC
363384138,KCab-m,KCab-m_R,KC
363387921,KCab-m,KCab-m_R,KC
363716151,KCab-c,KCab-c_R,KC
363716303,KCab-m,KCab-m_R,KC
363716362,KCab-m,KCab-m_R,KC
363724985,KCab-c,KCab-c_R,KC
363724996,KCab-c,KCab-c_R,KC
363725096,KCab-c,KCab-c_R,KC
363725201,KCab-m,KCab-m_R,KC
363725228,KCab-m,KCab-m_R,KC
363729312,KCab-m,KCab-m_R,KC
363729314,KCab-m,KCab-m_R,KC
363733406,KCab-s,KCab-s_R,KC
364061776,KCab-m,KCab-m_R,KC
364066029,KCab-c,KCab-c_R,KC
364070309,KCab-c,KCab-c_R,KC
364070517,KCab-m,KCab-m_R,KC
364407023,KCab-m,KCab-m_R,KC
364411143,KCab-s,KCab-s_R,KC
385132611,KCg-m,KCg-m_R,KC
385158577,KCg-m,KCg-m_R,KC
393383025,KCab-s,KCab-s_R,KC
393387426,KCab-s,KCab-s_R,KC
393736822,KCab-m,KCab-m_R,KC
393766777,PPL101,PPL101(y1pedc)_R,DAN
394060556,KCab-s,KCab-s_R,KC
394060620,KCab-s,KCab-s_R,KC
394064790,KCab-m,KCab-m_R,KC
394069210,KCab-m,KCab-m_R,KC
394073547,KCab-m,KCab-m_R,KC
394077610,KCab-m,KCab-m_R,KC
394081878,KCab-s,KCab-s_R,KC
394225044,MBON14,MBON14(a3)_L,MBON
394397189,KCab-s,KCab-s_R,KC
394401778,KCab-m,KCab-m_R,KC
394414724,KCab-m,KCab-m_R,KC
394414783,KCab-m,KCab-m_R,KC
394418743,KCab-m,KCab-m_R,KC
394427392,KCab-s,KCab-s_R,KC
394755376,KCab-m,KCab-m_R,KC
394755632,KCab-c,KCab-c_R,KC
394755645,KCab-c,KCab-c_R,KC
394755742,KCab-c,KCab-c_R,KC
394755782,KCab-c,KCab-c_R,KC
394759626,KCab-c,KCab-c_R,KC
394759837,KCab-m,KCab-m_R,KC
394764082,KCab-m,KCab-m_R,KC
394768379,KCab-s,KCab-s_R,KC
395105113,KCab-m,KCab-m_R,KC
415494049,KCg-m,KCg-m_R,KC
415511327,KCg-m,KCg-m_R,KC
415835070,KCg-m,KCg-m_R,KC
415835178,KCg-m,KCg-m_R,KC
415848195,KCg-m,KCg-m_R,KC
415848228,KCg-m,KCg-m_R,KC
415852518,KCg-m,KCg-m_R,KC
415908516,KCg-m,KCg-m_R,KC
416189410,KCg-m,KCg-m_R,KC
416189500,KCg-m,KCg-m_R,KC
416508862,KCg-m,KCg-m_R,KC
416837168,KCg-m,KCg-m_R,KC
422682603,PAM04_a,PAM04_a(B2)_R,DAN
422725634,MBON06,MBON06(B1>a)(AVM07)_L,MBON
423382015,MBON23,MBON23(a2sp)_R,MBON
423774471,MBON19,MBON19(a2p3p)_R,MBON
424754530,KCab-s,KCab-s_R,KC
424767514,MBON11,MBON11(y1pedc>a/B)_R,MBON
424789697,MBON02,MBON02(B2B'2a)_R,MBON
424918786,PPL107,PPL107(PDL05)_L,DAN
425086839,KCab-p,KCab-p_R,KC
425086851,KCab-p,KCab-p_R,KC
425104113,KCab-m,KCab-m_R,KC
425104216,KCab-m,KCab-m_R,KC
425112506,KCab-s,KCab-s_R,KC
425431837,KCab-s,KCab-s_R,KC
425436170,KCab-m,KCab-m_R,KC
425445301,KCab-c,KCab-c_R,KC
425768768,KCab-s,KCab-s_R,KC
425768822,KCab-s,KCab-s_R,KC
426139965,KCab-s,KCab-s_R,KC
426464004,KCab-s,KCab-s_R,KC
426477089,KCab-s,KCab-s_R,KC
426818061,KCab-p,KCab-p_R,KC
446533552,KCg-m,KCg-m_R,KC
446826981,KCg-m,KCg-m_R,KC
446848967,KCg-m,KCg-m_R,KC
446883390,KCg-m,KCg-m_R,KC
447219992,KCg-m,KCg-m_R,KC
447224575,KCg-m,KCg-m_R,KC
453380528,PAM04_b,PAM04_b(B2)_R,DAN
454252960,PAM10,PAM10(B1)_L,DAN
455159380,PAM01_b,PAM01_b(y5)_R,DAN
455431209,PAM10,PAM10(B1)_R,DAN
455793621,KCab-s,KCab-s_R,KC
455793743,KCab-s,KCab-s_R,KC
455793827,KCab-s,KCab-s_R,KC
456121649,KCab-s,KCab-s_R,KC
456134692,KCab-s,KCab-s_R,KC
456174330,PAM01_b,PAM01_b(y5)_R,DAN
456458549,KCab-s,KCab-s_R,KC
456462835,KCab-p,KCab-p_R,KC
456462919,KCab-p,KCab-p_R,KC
456467162,KCab-p,KCab-p_R,KC
456808311,KCab-s,KCab-s_R,KC
456820863,KCab-m,KCab-m_R,KC
456846996,PAM11,PAM11(a1)_R,DAN
457175171,MBON15-like,MBON15-like(a'1a'2)_R,MBON
457196444,MBON18,MBON18(a2sc)(PDL05)_L,MBON
457196643,MBON28,MBON16-like(a'3a)_R,MBON
457507485,KCab-s,KCab-s_R,KC
476545134,KCab-m,KCab-m_R,KC
477262101,KCab-c,KCab-c_R,KC
477572961,KCa'b'-ap2,KCa'b'-ap2_R,KC
477861840,KCab-p,KCab-p_R,KC
477900945,KCg-m,KCg-m_R,KC
477900959,KCg-m,KCg-m_R,KC
477909602,KCg-m,KCg-m_R,KC
477909679,KCg-m,KCg-m_R,KC
477909698,KCg-m,KCg-m_R,KC
478250407,KCg-m,KCg-m_R,KC
478250482,KCg-m,KCg-m_R,KC
478660968,KCg-m,KCg-m_R,KC
482762280,PAM11,PAM11(a1)_R,DAN
484735678,PAM04_a,PAM04_a(B2)_R,DAN
486815976,KCa'b'-ap2,KCa'b'-ap2_R,KC
486837442,KCa'b'-m,KCa'b'-m_R,KC
487143497,MBON24,MBON24(B2y5)_R,MBON
487160828,KCa'b'-m,KCa'b'-m_R,KC
487489028,KCa'b'-ap2,KCa'b'-ap2_R,KC
487489064,KCa'b'-ap2,KCa'b'-ap2_R,KC
487493197,KCa'b'-ap2,KCa'b'-ap2_R,KC
487501700,KCab-s,KCab-s_R,KC
487834111,KCa'b'-ap1,KCa'b'-ap1_R,KC
487834131,KCa'b'-ap1,KCa'b'-ap1_R,KC
487834179,KCa'b'-ap1,KCa'b'-ap1_R,KC
487847296,KCab-s,KCab-s_R,KC
487899562,PAM01_a,PAM01_a(y5)_R,DAN
487925037,MBON03,MBON03(B'2mp)_R,MBON
487925063,MBON04,MBON04(B'2mp_bilateral)_R,MBON
488179585,KCab-s,KCab-s_R,KC
488179878,KCa'b'-ap1,KCa'b'-ap1_R,KC
488184014,KCab-s,KCab-s_R,KC
488188560,KCab-s,KCab-s_R,KC
488205572,KCab-s,KCab-s_R,KC
488520820,KCab-p,KCab-p_R,KC
488533722,KCab-s,KCab-s_R,KC
488559952,PAM01_a,PAM01_a(y5)_R,DAN
507243409,KCab-c,KCab-c_R,KC
507260559,KCab-m,KCab-m_R,KC
507592981,KCab-m,KCab-m_R,KC
508292573,KCab-c,KCab-c_R,KC
508599181,KCg-m,KCg-m_R,KC
508599194,KCg-m,KCg-m_R,KC
508599211,KCg-m,KCg-m_R,KC
508599271,KCg-m,KCg-m_R,KC
508599276,KCg-m,KCg-m_R,KC
508616471,KCg-m,KCg-m_R,KC
508918609,KCa'b'-m,KCa'b'-m_R,KC
508935964,KCg-m,KCg-m_R,KC
508939879,KCg-m,KCg-m_R,KC
508939914,KCg-m,KCg-m_R,KC
508940291,KCg-m,KCg-m_R,KC
508949033,KCg-m,KCg-m_R,KC
509013752,KCg-m,KCg-m_R,KC
509264220,KCg-m,KCg-m_R,KC
509695478,KCg-m,KCg-m_R,KC
509700197,KCg-m,KCg-m_R,KC
512765910,PAM11,PAM11(a1)_R,DAN
513451621,PAM11,PAM11(a1)_R,DAN
517207902,PAM05,PAM05(B'2p)_R,DAN
517510393,KCa'b'-ap2,KCa'b'-ap2_R,KC
517514142,PPL104,PPL104(a'3)_R,DAN
517518166,MBON11,MBON11(y1pedc>a/B)(ADM05)_L,MBON
517847127,KCa'b'-ap2,KCa'b'-ap2_R,KC
517850316,KCa'b'-ap2,KCa'b'-ap2_R,KC
517854468,MBON19,MBON19(a2p3p)_R,MBON
517858947,KCab-p,KCab-p_R,KC
517871837,KCa'b'-m,KCa'b'-m_R,KC
518187118,KCa'b'-ap2,KCa'b'-ap2_R,KC
518191547,KCa'b'-ap2,KCa'b'-ap2_R,KC
518195738,KCab-p,KCab-p_R,KC
518212987,KCa'b'-m,KCa'b'-m_R,KC
518528152,KCa'b'-ap2,KCa'b'-ap2_R,KC
518532490,KCa'b'-m,KCa'b'-m_R,KC
518864844,KCa'b'-ap1,KCa'b'-ap1_R,KC
518864924,KCa'b'-ap1,KCa'b'-ap1_R,KC
518869381,KCa'b'-ap1,KCa'b'-ap1_R,KC
518869459,KCa'b'-ap1,KCa'b'-ap1_R,KC
518873469,KCab-s,KCab-s_R,KC
518873604,KCab-s,KCab-s_R,KC
518882016,KCab-s,KCab-s_R,KC
518930199,MBON35,MBON35(y2)_R,MBON
519206240,KCa'b'-ap1,KCa'b'-ap1_R,KC
519210172,KCa'b'-ap1,KCa'b'-ap1_R,KC
519214622,KCa'b'-ap1,KCa'b'-ap1_R,KC
519214895,KCa'b'-ap1,KCa'b'-ap1_R,KC
519218919,KCab-s,KCab-s_R,KC
519223027,KCab-s,KCab-s_R,KC
519223428,KCab-m,KCab-m_R,KC
519232054,KCab-s,KCab-s_R,KC
519555690,KCab-p,KCab-p_R,KC
519564501,KCab-s,KCab-s_R,KC
519573099,KCab-s,KCab-s_R,KC
519573128,KCab-p,KCab-p_R,KC
519900699,KCab-s,KCab-s_R,KC
519905418,KCab-s,KCab-s_R,KC
537945877,KCab-c,KCab-c_R,KC
538282782,KCab-m,KCab-m_R,KC
538308362,KCab-m,KCab-m_R,KC
538602138,KCg-m,KCg-m_R,KC
538653955,KCab-c,KCab-c_R,KC
538908474,KCab-m,KCab-m_R,KC
538951958,KCg-m,KCg-m_R,KC
539249493,KCab-m,KCab-m_R,KC
539949478,KCg-m,KCg-m_R,KC
539949536,KCg-m,KCg-m_R,KC
539975118,KCg-m,KCg-m_R,KC
539983731,KCg-m,KCg-m_R,KC
540389646,KCg-m,KCg-m_R,KC
540389734,KCg-m,KCg-m_R,KC
540730639,KCg-m,KCg-m_R,KC
540730657,KCg-m,KCg-m_R,KC
540730738,KCg-m,KCg-m_R,KC
542039038,PPL204,PPL204_R,DAN
542371432,KCab-p,KCab-p_R,KC
542634818,DM1_lPN,DM1_lPN_R,PN
542652506,DM4_vPN,DM4_vPN_R,PN
543010474,VP4+_vPN,VP4+_vPN(mlALT)_R,PN
544021095,DA4l_adPN,DA4l_adPN_R,PN
547552266,MBON33,MBON33(y2y3)_R,MBON
548549000,KCa'b'-m,KCa'b'-m_R,KC
548549395,KCa'b'-m,KCa'b'-m_R,KC
548552875,KCa'b'-m,KCa'b'-m_R,KC
548552915,KCa'b'-m,KCa'b'-m_R,KC
548553386,KCa'b'-m,KCa'b'-m_R,KC
548553494,KCa'b'-m,KCa'b'-m_R,KC
548885313,KCa'b'-ap2,KCa'b'-ap2_R,KC
548885407,KCa'b'-ap2,KCa'b'-ap2_R,KC
548889938,KCa'b'-m,KCa'b'-m_R,KC
548894251,KCa'b'-m,KCa'b'-m_R,KC
548898403,KCa'b'-m,KCa'b'-m_R,KC
548898520,KCa'b'-m,KCa'b'-m_R,KC
549222167,KCa'b'-ap2,KCa'b'-ap2_R,KC
549226277,KCa'b'-ap2,KCa'b'-ap2_R,KC
549230949,KCa'b'-ap2,KCa'b'-ap2_R,KC
549248200,KCab-p,KCab-p_R,KC
549567614,KCa'b'-ap2,KCa'b'-ap2_R,KC
549571627,KCab-p,KCab-p_R,KC
549572017,KCab-m,KCab-m_R,KC
549576117,KCab-m,KCab-m_R,KC
549576424,KCab-m,KCab-m_R,KC
549610772,PAM05,PAM05(B'2p)_R,DAN
549899821,KCa'b'-ap1,KCa'b'-ap1_R,KC
549904227,KCa'b'-ap1,KCa'b'-ap1_R,KC
549904387,KCa'b'-ap1,KCa'b'-ap1_R,KC
549908737,KCa'b'-ap2,KCa'b'-ap2_R,KC
549916869,KCab-m,KCab-m_R,KC
549917317,KCab-m,KCab-m_R,KC
549955973,PAM01_a,PAM01_a(y5)_R,DAN
550081497,MBON24,MBON24(B2y5)(PDL05)_L,MBON
550245056,KCa'b'-ap1,KCa'b'-ap1_R,KC
550271272,KCab-s,KCab-s_R,KC
550408954,PAM01_a,PAM01_a(y5)_L,DAN
550598935,KCab-s,KCab-s_R,KC
550599514,KCab-s,KCab-s_R,KC
551113395,PAM10,PAM10(B1)_L,DAN
551445253,PAM04_a,PAM04_a(B2)_L,DAN
551790504,PAM04_a,PAM04_a(B2)_L,DAN
551790913,PAM04_a,PAM04_a(B2)_L,DAN
568635279,KCab-m,KCab-m_R,KC
569002579,KCab-m,KCab-m_R,KC
569313277,KCab-m,KCab-m_R,KC
569317846,KCab-m,KCab-m_R,KC
569334986,KCab-c,KCab-c_R,KC
569615641,KCab-s,KCab-s_R,KC
569650323,KCg-m,KCg-m_R,KC
569943419,KCab-m,KCab-m_R,KC
569999973,KCg-m,KCg-m_R,KC
570288900,KCab-m,KCab-m_R,KC
570314896,KCa'b'-m,KCa'b'-m_R,KC
570327880,KCg-m,KCg-m_R,KC
570336412,KCg-m,KCg-m_R,KC
570336487,KCg-m,KCg-m_R,KC
570643102,KCg-m,KCg-m_R,KC
570643109,KCg-m,KCg-m_R,KC
570643135,KCg-m,KCg-m_R,KC
570643193,KCg-m,KCg-m_R,KC
570647526,KCg-m,KCg-m_R,KC
570742510,KCg-m,KCg-m_R,KC
570742527,KCg-m,KCg-m_R,KC
570742599,KCg-m,KCg-m_R,KC
570997147,KCg-m,KCg-m_R,KC
571424323,KCg-m,KCg-m_R,KC
571424636,KCg-m,KCg-m_R,KC
571424650,KCg-m,KCg-m_R,KC
571424748,KCg-m,KCg-m_R,KC
571778381,KCg-m,KCg-m_R,KC
571778433,KCg-m,KCg-m_R,KC
573065577,KCab-p,KCab-p_R,KC
573333835,DM4_adPN,DM4_adPN_R,PN
574032862,VA5_lPN,VA5_lPN_R,PN
574037266,DA4m_adPN,DA4m_adPN_R,PN
574037281,VA5_lPN,VA5_lPN_R,PN
574374051,VA5_lPN,VA5_lPN_R,PN
578694777,PAM11,PAM11(a1)_L,DAN
579583329,KCa'b'-m,KCa'b'-m_R,KC
579587796,KCa'b'-m,KCa'b'-m_R,KC
579592279,KCa'b'-m,KCa'b'-m_R,KC
579592619,KCa'b'-m,KCa'b'-m_R,KC
579916831,MBON15-like,MBON15-like(a'1a'2)_R,MBON
579924731,KCa'b'-m,KCa'b'-m_R,KC
579928928,KCa'b'-m,KCa'b'-m_R,KC
580317662,PAM08_c,PAM08_c(y4)_R,DAN
580598373,KCa'b'-ap2,KCa'b'-ap2_R,KC
580610916,KCab-m,KCab-m_R,KC
580611301,KCab-m,KCab-m_R,KC
580934661,KCa'b'-ap1,KCa'b'-ap1_R,KC
580947602,KCa'b'-ap1,KCa'b'-ap1_R,KC
580951922,KCab-m,KCab-m_R,KC
581293182,KCab-m,KCab-m_R,KC
5812978878,KCg-d,KCg-d_R,KC
5812979015,KCg-m,KCg-m_R,KC
5812979016,KCg-m,KCg-m_R,KC
5812979069,KCg-m,KCg-m_R,KC
5812979119,KCg-d,KCg-d_R,KC
5812979121,KCg-t,KCg-t_R,KC
5812979128,KCg-m,KCg-m_R,KC
5812979133,KCg-m,KCg-m_R,KC
5812979156,PAM15_b,PAM15_b(y5B'2a)_R,DAN
5812979168,PAM06_b,PAM06_b(B'2m)_L,DAN
5812979170,PAM01_a,PAM01_a(y5)_L,DAN
5812979172,PAM01_b,PAM01_b(y5)_L,DAN
5812979175,KCg-m,KCg-m_R,KC
5812979176,KCg-m,KCg-m_R,KC
5812979177,KCg-m,KCg-m_R,KC
5812979187,KCg-m,KCg-m_R,KC
5812979188,KCg-m,KCg-m_R,KC
5812979191,KCg-m,KCg-m_R,KC
5812979196,KCg-d,KCg-d_R,KC
5812979197,KCg-m,KCg-m_R,KC
5812979271,PAM06_a,PAM06_a(B'2m)_R,DAN
5812979314,KCg-d,KCg-d_R,KC
5812979326,KCg-m,KCg-m_R,KC
5812979371,KCg-m,KCg-m_R,KC
5812979408,KCg-m,KCg-m_R,KC
5812979502,PAM01_a,PAM01_a(y5)_L,DAN
5812979531,KCg-d,KCg-d_R,KC
5812979532,KCg-d,KCg-d_R,KC
5812979558,PAM01_b,PAM01_b(y5)_L,DAN
5812979560,PAM01_a,PAM01_a(y5)_L,DAN
5812979667,KCg-d,KCg-d_R,KC
5812980179,KCab-s,KCab-s_R,KC
5812980192,KCab-m,KCab-m_R,KC
5812980207,KCab-m,KCab-m_R,KC
5812980209,KCab-m,KCab-m_R,KC
5812980212,KCab-m,KCab-m_R,KC
5812980219,KCab-m,KCab-m_R,KC
5812980220,KCab-c,KCab-c_R,KC
5812980222,KCab-m,KCab-m_R,KC
5812980351,KCab-s,KCab-s_R,KC
5812980369,KCab-m,KCab-m_R,KC
5812980370,KCab-c,KCab-c_R,KC
5812980376,KCab-m,KCab-m_R,KC
5812980378,KCab-s,KCab-s_R,KC
5812980379,KCab-c,KCab-c_R,KC
5812980386,KCg-m,KCg-m_R,KC
5812980395,KCab-m,KCab-m_R,KC
5812980397,KCab-s,KCab-s_R,KC
5812980398,KCab-s,KCab-s_R,KC
5812980404,KCab-s,KCab-s_R,KC
5812980408,KCab-s,KCab-s_R,KC
5812980410,KCab-m,KCab-m_R,KC
5812980414,KCab-m,KCab-m_R,KC
5812980425,KCab-s,KCab-s_R,KC
5812980426,KCab-s,KCab-s_R,KC
5812980428,KCab-s,KCab-s_R,KC
5812980432,KCab-c,KCab-c_R,KC
5812980438,KCab-m,KCab-m_R,KC
5812980444,KCab-s,KCab-s_R,KC
5812980446,KCab-m,KCab-m_R,KC
5812980448,KCab-c,KCab-c_R,KC
5812980537,KCg-m,KCg-m_R,KC
5812980555,KCab-s,KCab-s_R,KC
5812980557,KCab-m,KCab-m_R,KC
5812980561,KCab-m,KCab-m_R,KC
5812980566,KCab-p,KCab-p_R,KC
5812980567,PAM09,PAM09(B1ped)_R,DAN
5812980569,KCab-c,KCab-c_R,KC
5812980579,KCg-m,KCg-m_R,KC
5812980580,KCg-m,KCg-m_R,KC
5812980588,KCg-m,KCg-m_R,KC
5812980590,KCab-c,KCab-c_R,KC
5812980593,KCab-m,KCab-m_R,KC
5812980594,KCab-c,KCab-c_R,KC
5812980597,KCab-c,KCab-c_R,KC
5812980599,KCab-m,KCab-m_R,KC
5812980600,KCab-c,KCab-c_R,KC
5812980611,KCab-s,KCab-s_R,KC
5812980615,KCab-m,KCab-m_R,KC
5812980618,KCab-s,KCab-s_R,KC
5812980624,KCab-m,KCab-m_R,KC
5812980638,KCg-m,KCg-m_R,KC
5812980768,KCab-s,KCab-s_R,KC
5812980787,KCab-m,KCab-m_R,KC
5812980792,KCab-p,KCab-p_R,KC
5812980796,KCg-m,KCg-m_R,KC
5812980799,KCab-c,KCab-c_R,KC
5812980802,KCab-c,KCab-c_R,KC
5812980803,KCab-c,KCab-c_R,KC
5812980806,KCab-m,KCab-m_R,KC
5812980811,KCab-s,KCab-s_R,KC
5812980813,KCg-m,KCg-m_R,KC
5812980892,KCab-m,KCab-m_R,KC
5812980931,KCab-s,KCab-s_R,KC
5812980934,KCg-m,KCg-m_R,KC
5812980938,KCab-p,KCab-p_R,KC
5812980940,KCab-p,KCab-p_R,KC
5812980944,KCab-s,KCab-s_R,KC
5812980947,KCab-m,KCab-m_R,KC
5812980965,KCab-c,KCab-c_R,KC
5812980973,KCg-m,KCg-m_R,KC
5812980992,KCg-m,KCg-m_R,KC
5812981038,KCg-m,KCg-m_R,KC
5812981039,KCab-m,KCab-m_R,KC
5812981042,KCab-m,KCab-m_R,KC
5812981046,KCg-t,KCg-t_R,KC
5812981068,KCa'b'-ap2,KCa'b'-ap2_R,KC
5812981071,KCa'b'-m,KCa'b'-m_R,KC
5812981072,KCa'b'-m,KCa'b'-m_R,KC
5812981086,KCab-s,KCab-s_R,KC
5812981104,KCab-m,KCab-m_R,KC
5812981106,KCab-s,KCab-s_R,KC
5812981109,KCab-c,KCab-c_R,KC
5812981127,KCab-m,KCab-m_R,KC
5812981136,KCab-s,KCab-s_R,KC
5812981141,KCg-m,KCg-m_R,KC
5812981142,KCg-m,KCg-m_R,KC
5812981148,KCg-m,KCg-m_R,KC
5812981153,KCg-m,KCg-m_R,KC
5812981154,KCg-m,KCg-m_R,KC
5812981160,KCg-m,KCg-m_R,KC
5812981164,KCa'b'-ap1,KCa'b'-ap1_R,KC
5812981227,KCg-m,KCg-m_R,KC
5812981264,MBON17,MBON17(a'3m)_R,MBON
5812981270,KCa'b'-ap2,KCa'b'-ap2_R,KC
5812981274,KCa'b'-ap2,KCa'b'-ap2_R,KC
5812981275,KCa'b'-ap2,KCa'b'-ap2_R,KC
5812981277,KCa'b'-ap2,KCa'b'-ap2_R,KC
5812981279,KCa'b'-ap2,KCa'b'-ap2_R,KC
5812981290,KCa'b'-ap2,KCa'b'-ap2_R,KC
5812981308,KCa'b'-m,KCa'b'-m_R,KC
5812981318,KCa'b'-ap2,KCa'b'-ap2_R,KC
5812981320,KCa'b'-ap2,KCa'b'-ap2_R,KC
5812981322,KCa'b'-ap2,KCa'b'-ap2_R,KC
5812981327,KCa'b'-ap2,KCa'b'-ap2_R,KC
5812981332,KCa'b'-ap1,KCa'b'-ap1_R,KC
5812981333,KCa'b'-ap2,KCa'b'-ap2_R,KC
5812981339,KCa'b'-ap1,KCa'b'-ap1_R,KC
5812981340,KCa'b'-ap1,KCa'b'-ap1_R,KC
5812981341,KCa'b'-ap1,KCa'b'-ap1_R,KC
5812981348,KCa'b'-ap1,KCa'b'-ap1_R,KC
5812981361,KCa'b'-ap2,KCa'b'-ap2_R,KC
5812981373,KCa'b'-ap2,KCa'b'-ap2_R,KC
5812981379,KCab-s,KCab-s_R,KC
5812981381,PPL102,PPL102(y1)(PDL05)_L,DAN
5812981390,KCab-m,KCab-m_R,KC
5812981399,KCa'b'-m,KCa'b'-m_R,KC
5812981400,KCa'b'-m,KCa'b'-m_R,KC
5812981401,KCa'b'-m,KCa'b'-m_R,KC
5812981432,KCg-m,KCg-m_R,KC
5812981441,KCg-m,KCg-m_R,KC
5812981467,KCg-m,KCg-m_R,KC
5812981543,MBON17-like,MBON17-like(a'2a'3)_R,MBON
5812981553,KCa'b'-m,KCa'b'-m_R,KC
5812981563,KCa'b'-ap2,KCa'b'-ap2_R,KC
5812981564,KCa'b'-m,KCa'b'-m_R,KC
5812981569,KCa'b'-m,KCa'b'-m_R,KC
5812981570,KCa'b'-m,KCa'b'-m_R,KC
5812981578,KCa'b'-m,KCa'b'-m_R,KC
5812981581,KCa'b'-ap2,KCa'b'-ap2_R,KC
5812981582,KCa'b'-ap2,KCa'b'-ap2_R,KC
5812981586,KCa'b'-ap2,KCa'b'-ap2_R,KC
5812981590,KCa'b'-m,KCa'b'-m_R,KC
5812981602,KCa'b'-ap2,KCa'b'-ap2_R,KC
5812981607,KCab-s,KCab-s_R,KC
5812981616,KCg-m,KCg-m_R,KC
5812981618,KCab-s,KCab-s_R,KC
5812981619,KCab-m,KCab-m_R,KC
5812981641,PAM08_d,PAM08_d(y4)_L,DAN
5812981643,KCab-p,KCab-p_R,KC
5812981654,KCab-c,KCab-c_R,KC
5812981667,KCab-m,KCab-m_R,KC
5812981669,KCab-m,KCab-m_R,KC
5812981670,KCab-s,KCab-s_R,KC
5812981671,KCab-m,KCab-m_R,KC
5812981673,KCab-s,KCab-s_R,KC
5812981676,KCab-s,KCab-s_R,KC
5812981679,KCab-s,KCab-s_R,KC
5812981680,KCab-p,KCab-p_R,KC
5812981689,KCa'b'-m,KCa'b'-m_R,KC
5812981690,KCab-m,KCab-m_R,KC
5812981702,KCg-m,KCg-m_R,KC
5812981703,KCg-m,KCg-m_R,KC
5812981704,KCg-m,KCg-m_R,KC
5812981706,KCg-m,KCg-m_R,KC
5812981717,KCg-m,KCg-m_R,KC
5812981791,PPL108,PPL108(PDL05)_L,DAN
5812981796,KCa'b'-m,KCa'b'-m_R,KC
5812981797,KCa'b'-m,KCa'b'-m_R,KC
5812981800,KCa'b'-m,KCa'b'-m_R,KC
5812981816,KCa'b'-m,KCa'b'-m_R,KC
5812981853,KCab-m,KCab-m_R,KC
5812981858,KCa'b'-ap1,KCa'b'-ap1_R,KC
5812981895,PAM12,PAM12(y3)_L,DAN
5812981924,KCg-m,KCg-m_R,KC
5812981932,KCg-m,KCg-m_R,KC
5812981943,KCab-s,KCab-s_R,KC
5812981944,KCab-s,KCab-s_R,KC
5812981950,KCab-m,KCab-m_R,KC
5812981951,KCg-m,KCg-m_R,KC
5812981960,KCa'b'-m,KCa'b'-m_R,KC
5812981961,KCa'b'-ap2,KCa'b'-ap2_R,KC
5812981965,KCab-c,KCab-c_R,KC
5812981970,KCab-c,KCab-c_R,KC
5812981971,KCab-s,KCab-s_R,KC
5812981978,KCa'b'-m,KCa'b'-m_R,KC
5812981986,KCg-m,KCg-m_R,KC
5812981989,KCg-t,KCg-t_R,KC
5812981990,KCg-m,KCg-m_R,KC
5812982000,KCg-m,KCg-m_R,KC
5812982012,KCab-m,KCab-m_R,KC
5812982017,KCg-m,KCg-m_R,KC
5812982020,KCg-d,KCg-d_R,KC
5812982086,KCa'b'-m,KCa'b'-m_R,KC
5812982087,KCa'b'-m,KCa'b'-m_R,KC
5812982088,KCa'b'-m,KCa'b'-m_R,KC
5812982091,PAM06_b,PAM06_b(B'2m)_R,DAN
5812982118,PAM06_a,PAM06_a(B'2m)_R,DAN
5812982120,PAM05,PAM05(B'2p)_R,DAN
5812982145,KCa'b'-m,KCa'b'-m_R,KC
5812982149,KCa'b'-m,KCa'b'-m_R,KC
5812982154,KCg-m,KCg-m_R,KC
5812982162,KCab-m,KCab-m_R,KC
5812982168,KCg-m,KCg-m_R,KC
5812982177,KCab-m,KCab-m_R,KC
5812982192,KCab-m,KCab-m_R,KC
5812982204,KCab-c,KCab-c_R,KC
5812982205,KCg-m,KCg-m_R,KC
5812982211,KCab-m,KCab-m_R,KC
5812982216,KCg-m,KCg-m_R,KC
5812982220,KCg-m,KCg-m_R,KC
5812982252,KCg-m,KCg-m_R,KC
5812982273,KCg-m,KCg-m_R,KC
5812982316,KCab-m,KCab-m_R,KC
5812982328,KCg-m,KCg-m_R,KC
5812982329,KCa'b'-m,KCa'b'-m_R,KC
5812982350,KCa'b'-ap1,KCa'b'-ap1_R,KC
5812982371,KCg-m,KCg-m_R,KC
5812982372,KCab-m,KCab-m_R,KC
5812982374,KCab-s,KCab-s_R,KC
5812982388,KCab-m,KCab-m_R,KC
5812982389,KCab-m,KCab-m_R,KC
5812982390,KCab-m,KCab-m_R,KC
5812982397,KCa'b'-m,KCa'b'-m_R,KC
5812982403,KCg-m,KCg-m_R,KC
5812982420,KCg-m,KCg-m_R,KC
5812982421,KCg-m,KCg-m_R,KC
5812982422,KCg-m,KCg-m_R,KC
5812982426,KCab-m,KCab-m_R,KC
5812982429,KCa'b'-m,KCa'b'-m_R,KC
5812982436,KCg-m,KCg-m_R,KC
5812982437,KCg-m,KCg-m_R,KC
5812982442,KCg-m,KCg-m_R,KC
5812982466,KCab-s,KCab-s_R,KC
5812982470,KCab-m,KCab-m_R,KC
5812982471,KCab-s,KCab-s_R,KC
5812982490,KCab-s,KCab-s_R,KC
5812982492,KCg-m,KCg-m_R,KC
5812982505,KCg-m,KCg-m_R,KC
5812982506,KCg-m,KCg-m_R,KC
5812982514,KCab-s,KCab-s_R,KC
5812982520,KCab-c,KCab-c_R,KC
5812982521,KCab-c,KCab-c_R,KC
5812982529,KCg-m,KCg-m_R,KC
5812982530,KCg-m,KCg-m_R,KC
5812982532,KCg-m,KCg-m_R,KC
5812982547,KCg-t,KCg-t_R,KC
5812982556,KCg-d,KCg-d_R,KC
5812982562,KCg-m,KCg-m_R,KC
5812982577,KCg-m,KCg-m_R,KC
5812982578,KCg-m,KCg-m_R,KC
5812982579,KCa'b'-ap1,KCa'b'-ap1_R,KC
5812982589,KCg-m,KCg-m_R,KC
5812982594,KCg-m,KCg-m_R,KC
5812982602,KCg-m,KCg-m_R,KC
5812982610,KCg-m,KCg-m_R,KC
5812982620,KCg-m,KCg-m_R,KC
5812982657,KCg-d,KCg-d_R,KC
5812982692,KCa'b'-m,KCa'b'-m_R,KC
5812982694,KCa'b'-m,KCa'b'-m_R,KC
5812982706,KCa'b'-m,KCa'b'-m_R,KC
5812982725,KCa'b'-m,KCa'b'-m_R,KC
5812982727,PAM02,PAM02(B'2a)_L,DAN
5812982760,KCab-c,KCab-c_R,KC
5812982761,KCab-m,KCab-m_R,KC
5812982766,KCg-m,KCg-m_R,KC
5812982779,PAM01_b,PAM01_b(y5)_R,DAN
5812982780,KCab-p,KCab-p_R,KC
5812982782,KCab-p,KCab-p_R,KC
5812982802,KCab-s,KCab-s_R,KC
5812982803,KCg-m,KCg-m_R,KC
5812982823,KCa'b'-ap1,KCa'b'-ap1_R,KC
5812982825,KCg-m,KCg-m_R,KC
5812982826,KCg-d,KCg-d_R,KC
5812982832,KCg-m,KCg-m_R,KC
5812982837,KCg-m,KCg-m_R,KC
5812982871,KCg-m,KCg-m_R,KC
5812982872,KCg-m,KCg-m_R,KC
5812982874,KCg-t,KCg-t_R,KC
5812982875,KCg-m,KCg-m_R,KC
5812982876,KCg-m,KCg-m_R,KC
5812982877,KCg-d,KCg-d_R,KC
5812982925,KCa'b'-ap2,KCa'b'-ap2_R,KC
5812982999,KCg-m,KCg-m_R,KC
5812983003,KCg-m,KCg-m_R,KC
5812983006,KCab-c,KCab-c_R,KC
5812983009,KCg-m,KCg-m_R,KC
5812983012,KCab-s,KCab-s_R,KC
5812983023,KCab-m,KCab-m_R,KC
5812983028,KCab-m,KCab-m_R,KC
5812983038,KCab-m,KCab-m_R,KC
5812983042,KCg-m,KCg-m_R,KC
5812983043,KCg-m,KCg-m_R,KC
5812983101,KCg-m,KCg-m_R,KC
5812983106,KCab-m,KCab-m_R,KC
5812983107,KCab-m,KCab-m_R,KC
5812983112,KCa'b'-m,KCa'b'-m_R,KC
5812983114,KCab-s,KCab-s_R,KC
5812983131,KCab-m,KCab-m_R,KC
5812983133,KCab-c,KCab-c_R,KC
5812983134,KCg-d,KCg-d_R,KC
5812983147,KCg-m,KCg-m_R,KC
5812983152,KCg-m,KCg-m_R,KC
5812983166,KCab-c,KCab-c_R,KC
5812983174,KCa'b'-m,KCa'b'-m_R,KC
5812983192,KCg-m,KCg-m_R,KC
5812983199,KCg-d,KCg-d_R,KC
5812983200,KCg-m,KCg-m_R,KC
5812983206,KCab-m,KCab-m_R,KC
5812983213,KCab-s,KCab-s_R,KC
5812983268,KCab-s,KCab-s_R,KC
5812983272,KCab-m,KCab-m_R,KC
5812983298,KCab-c,KCab-c_R,KC
5812983302,KCab-c,KCab-c_R,KC
5812983303,KCab-s,KCab-s_R,KC
5812983309,KCab-c,KCab-c_R,KC
5812983310,KCg-m,KCg-m_R,KC
5812983319,KCab-c,KCab-c_R,KC
5812983321,KCg-m,KCg-m_R,KC
5812983322,KCg-m,KCg-m_R,KC
5812983323,KCg-m,KCg-m_R,KC
5812983328,KCab-c,KCab-c_R,KC
5812983330,KCg-m,KCg-m_R,KC
5812983337,KCg-m,KCg-m_R,KC
5812983345,KCab-m,KCab-m_R,KC
5812983346,KCab-m,KCab-m_R,KC
5812983399,PAM05,PAM05(B'2p)_L,DAN
5812983418,PAM04_a,PAM04_a(B2)_L,DAN
5812983423,KCab-m,KCab-m_R,KC
5812983427,KCab-c,KCab-c_R,KC
5812983438,KCg-d,KCg-d_R,KC
5812983451,KCa'b'-ap2,KCa'b'-ap2_R,KC
5812983454,KCab-s,KCab-s_R,KC
5812983455,KCab-m,KCab-m_R,KC
5812983522,PAM07,PAM07(y4<y1y2)_L,DAN
5812983533,PAM11,PAM11(a1)_R,DAN
5812983544,KCa'b'-ap2,KCa'b'-ap2_R,KC
5812983569,KCa'b'-ap2,KCa'b'-ap2_R,KC
5812983571,KCa'b'-ap1,KCa'b'-ap1_R,KC
5812983575,KCab-c,KCab-c_R,KC
5812983576,KCab-c,KCab-c_R,KC
5812983578,KCab-c,KCab-c_R,KC
5812983579,KCab-c,KCab-c_R,KC
5812983608,KCab-c,KCab-c_R,KC
5812983645,KCa'b'-ap1,KCa'b'-ap1_R,KC
5812983646,KCa'b'-ap1,KCa'b'-ap1_R,KC
5812983657,KCg-m,KCg-m_R,KC
5812983658,KCg-m,KCg-m_R,KC
5812983673,KCg-m,KCg-m_R,KC
5812983745,KCab-c,KCab-c_R,KC
5812983827,PAM08_a,PAM08_a(y4)_L,DAN
5812983837,KCab-p,KCab-p_R,KC
5812983851,KCab-m,KCab-m_R,KC
5812983861,KCab-m,KCab-m_R,KC
5812983866,KCa'b'-m,KCa'b'-m_R,KC
5812983869,KCa'b'-ap2,KCa'b'-ap2_R,KC
5812983871,KCa'b'-ap2,KCa'b'-ap2_R,KC
5812983898,KCa'b'-ap2,KCa'b'-ap2_R,KC
5812983899,KCa'b'-ap2,KCa'b'-ap2_R,KC
5812983903,KCa'b'-ap1,KCa'b'-ap1_R,KC
5812984045,KCa'b'-ap2,KCa'b'-ap2_R,KC
5812987762,KCg-m,KCg-m_R,KC
5812989173,KCg-m,KCg-m_R,KC
5812989588,PAM03,PAM03(B2B'2a)_R,DAN
5813000276,VC3l_adPN,VC3l_adPN_R,PN
5813010617,KCab-p,KCab-p_R,KC
5813011555,KCab-m,KCab-m_R,KC
5813019513,PPL105,PPL105(a'2a2)_R,DAN
5813019607,PPL106,PPL106(a3)(PDL05)_L,DAN
5813019609,KCab-s,KCab-s_R,KC
5813019763,KCab-s,KCab-s_R,KC
5813019770,KCab-c,KCab-c_R,KC
5813019772,KCab-c,KCab-c_R,KC
5813019774,KCab-c,KCab-c_R,KC
5813019779,KCg-m,KCg-m_R,KC
5813019801,KCg-m,KCg-m_R,KC
5813019917,KCg-m,KCg-m_R,KC
5813019976,PPL104,PPL104(a'3)(PDL05)_L,DAN
5813019982,KCg-m,KCg-m_R,KC
5813020041,KCa'b'-ap1,KCa'b'-ap1_R,KC
5813020046,KCa'b'-ap2,KCa'b'-ap2_R,KC
5813020047,KCa'b'-ap2,KCa'b'-ap2_R,KC
5813020052,KCa'b'-ap2,KCa'b'-ap2_R,KC
5813020057,KCa'b'-ap2,KCa'b'-ap2_R,KC
5813020061,KCa'b'-ap1,KCa'b'-ap1_R,KC
5813020089,KCg-m,KCg-m_R,KC
5813020132,KCg-m,KCg-m_R,KC
5813020271,KCa'b'-ap2,KCa'b'-ap2_R,KC
5813020274,KCab-m,KCab-m_R,KC
5813020288,PAM08_b,PAM08_b(y4)_L,DAN
5813020424,PAM12,PAM12(y3)_L,DAN
5813020828,MBON18,MBON18(a2sc)_R,MBON
5813020830,KCab-m,KCab-m_R,KC
5813020831,KCab-s,KCab-s_R,KC
5813021016,KCab-c,KCab-c_R,KC
5813021017,KCab-c,KCab-c_R,KC
5813021019,KCab-m,KCab-m_R,KC
5813021023,KCab-c,KCab-c_R,KC
5813021033,KCab-p,KCab-p_R,KC
5813021135,KCab-c,KCab-c_R,KC
5813021174,KCa'b'-m,KCa'b'-m_R,KC
5813021251,KCab-s,KCab-s_R,KC
5813021261,PAM11,PAM11(a1)_L,DAN
5813021263,KCab-s,KCab-s_R,KC
5813021273,KCg-m,KCg-m_R,KC
5813021275,KCg-m,KCg-m_R,KC
5813021277,KCab-m,KCab-m_R,KC
5813021289,KCg-m,KCg-m_R,KC
5813021292,KCab-c,KCab-c_R,KC
5813021294,KCg-m,KCg-m_R,KC
5813021296,KCg-m,KCg-m_R,KC
5813021301,KCab-s,KCab-s_R,KC
5813021303,KCab-s,KCab-s_R,KC
5813021304,KCab-s,KCab-s_R,KC
5813021311,KCab-m,KCab-m_R,KC
5813021312,KCab-m,KCab-m_R,KC
5813021313,KCab-m,KCab-m_R,KC
5813021314,KCab-m,KCab-m_R,KC
5813021315,KCab-m,KCab-m_R,KC
5813021316,KCab-c,KCab-c_R,KC
5813021319,KCab-m,KCab-m_R,KC
5813021326,KCab-m,KCab-m_R,KC
5813021332,KCg-m,KCg-m_R,KC
5813021341,KCg-m,KCg-m_R,KC
5813021363,KCg-m,KCg-m_R,KC
5813021379,KCg-m,KCg-m_R,KC
5813021380,KCg-m,KCg-m_R,KC
5813021382,KCg-m,KCg-m_R,KC
5813021386,KCab-s,KCab-s_R,KC
5813021397,KCab-c,KCab-c_R,KC
5813021399,KCab-s,KCab-s_R,KC
5813021400,KCab-m,KCab-m_R,KC
5813021401,KCab-s,KCab-s_R,KC
5813021404,KCab-m,KCab-m_R,KC
5813021411,KCab-c,KCab-c_R,KC
5813021415,KCg-m,KCg-m_R,KC
5813021441,KCab-m,KCab-m_R,KC
5813021446,KCab-c,KCab-c_R,KC
5813021447,KCab-c,KCab-c_R,KC
5813021449,KCab-m,KCab-m_R,KC
5813021452,KCg-m,KCg-m_R,KC
5813021463,KCab-m,KCab-m_R,KC
5813021464,KCab-s,KCab-s_R,KC
5813021465,KCab-m,KCab-m_R,KC
5813021469,KCg-m,KCg-m_R,KC
5813021471,KCab-c,KCab-c_R,KC
5813021642,KCa'b'-m,KCa'b'-m_R,KC
5813021645,KCa'b'-m,KCa'b'-m_R,KC
5813021647,KCab-m,KCab-m_R,KC
5813021659,KCg-m,KCg-m_R,KC
5813021736,KCa'b'-ap2,KCa'b'-ap2_R,KC
5813021748,KCa'b'-ap2,KCa'b'-ap2_R,KC
5813021766,KCa'b'-ap2,KCa'b'-ap2_R,KC
5813021772,KCa'b'-m,KCa'b'-m_R,KC
5813021778,KCa'b'-m,KCa'b'-m_R,KC
5813021779,KCa'b'-ap2,KCa'b'-ap2_R,KC
5813021781,KCa'b'-ap2,KCa'b'-ap2_R,KC
5813021786,KCa'b'-m,KCa'b'-m_R,KC
5813021788,KCab-p,KCab-p_R,KC
5813021792,KCa'b'-m,KCa'b'-m_R,KC
5813021799,KCa'b'-ap2,KCa'b'-ap2_R,KC
5813021805,KCa'b'-ap1,KCa'b'-ap1_R,KC
5813021806,KCa'b'-ap2,KCa'b'-ap2_R,KC
5813021808,KCa'b'-ap1,KCa'b'-ap1_R,KC
5813021809,KCa'b'-ap1,KCa'b'-ap1_R,KC
5813021812,KCa'b'-ap1,KCa'b'-ap1_R,KC
5813021822,KCa'b'-ap1,KCa'b'-ap1_R,KC
5813021832,KCa'b'-m,KCa'b'-m_R,KC
5813021844,PAM08_c,PAM08_c(y4)_L,DAN
5813021848,KCa'b'-ap2,KCa'b'-ap2_R,KC
5813021856,KCa'b'-ap1,KCa'b'-ap1_R,KC
5813021865,KCg-m,KCg-m_R,KC
5813021989,KCab-c,KCab-c_R,KC
5813021999,KCab-c,KCab-c_R,KC
5813022037,KCa'b'-ap1,KCa'b'-ap1_R,KC
5813022042,KCab-c,KCab-c_R,KC
5813022049,KCab-m,KCab-m_R,KC
5813022050,KCab-c,KCab-c_R,KC
5813022054,KCab-m,KCab-m_R,KC
5813022060,KCg-m,KCg-m_R,KC
5813022076,PAM12,PAM12(y3)_L,DAN
5813022117,KCa'b'-ap2,KCa'b'-ap2_R,KC
5813022119,KCg-m,KCg-m_R,KC
5813022133,KCg-m,KCg-m_R,KC
5813022175,KCab-m,KCab-m_R,KC
5813022201,PAM06_a,PAM06_a(B'2m)_R,DAN
5813022203,KCg-m,KCg-m_R,KC
5813022207,KCg-m,KCg-m_R,KC
5813022210,KCg-m,KCg-m_R,KC
5813022212,KCab-s,KCab-s_R,KC
5813022232,KCg-d,KCg-d_R,KC
5813022234,MBON30,MBON30(y1y2y3)_R,MBON
5813022239,KCg-d,KCg-d_R,KC
5813022267,KCg-d,KCg-d_R,KC
5813022341,MBON02,MBON02(B2B'2a)_L,MBON
5813022352,KCg-m,KCg-m_R,KC
5813022404,PAM01_b,PAM01_b(y5)_L,DAN
5813022424,PPL103,PPL103(y2a'1)_R,DAN
5813022896,MBON21,MBON21(y4y5)_R,MBON
5813024601,VA1v_adPN,VA1v_adPN_R,PN
5813024710,DL2d_adPN,DL2d_adPN_R,PN
5813024712,VM5d_adPN,VM5d_adPN_R,PN
5813027400,KCg-m,KCg-m_R,KC
5813027460,KCg-m,KCg-m_R,KC
5813027518,PAM15_b,PAM15_b(y5B'2a)_L,DAN
5813027584,KCab-m,KCab-m_R,KC
5813027704,KCg-m,KCg-m_R,KC
5813027747,KCab-c,KCab-c_R,KC
5813032245,KCab-c,KCab-c_R,KC
5813032541,KCg-m,KCg-m_R,KC
5813032552,KCg-m,KCg-m_R,KC
5813032554,KCg-d,KCg-d_R,KC
5813032694,KCab-m,KCab-m_R,KC
5813032702,KCab-c,KCab-c_R,KC
5813032734,KCab-m,KCab-m_R,KC
5813032759,KCab-m,KCab-m_R,KC
5813032771,KCg-s2,KCg-s2(super)_R,KC
5813032782,KCg-m,KCg-m_R,KC
5813032811,KCa'b'-m,KCa'b'-m_R,KC
5813032813,PAM13,PAM13(B'1ap)_L,DAN
5813032868,KCa'b'-ap2,KCa'b'-ap2_R,KC
5813032874,KCa'b'-ap2,KCa'b'-ap2_R,KC
5813032876,KCa'b'-ap1,KCa'b'-ap1_R,KC
5813032887,KCa'b'-ap1,KCa'b'-ap1_R,KC
5813032896,KCa'b'-ap2,KCa'b'-ap2_R,KC
5813032900,KCa'b'-ap2,KCa'b'-ap2_R,KC
5813032943,KCab-p,KCab-p_R,KC
5813032946,KCab-c,KCab-c_R,KC
5813032967,KCg-m,KCg-m_R,KC
5813032997,PAM02,PAM02(B'2a)_L,DAN
5813033000,MBON34,MBON34(y2)_R,MBON
5813033009,KCab-s,KCab-s_R,KC
5813033012,KCg-m,KCg-m_R,KC
5813033059,KCg-m,KCg-m_R,KC
5813033065,KCg-m,KCg-m_R,KC
5813033086,KCg-d,KCg-d_R,KC
5813033125,KCg-d,KCg-d_R,KC
5813033127,KCa'b'-ap2,KCa'b'-ap2_R,KC
5813033144,KCg-m,KCg-m_R,KC
5813033208,KCa'b'-ap2,KCa'b'-ap2_R,KC
5813033215,PAM01_a,PAM01_a(y5)_L,DAN
5813033226,KCg-m,KCg-m_R,KC
5813033259,KCab-c,KCab-c_R,KC
5813033267,KCab-m,KCab-m_R,KC
5813033277,KCab-m,KCab-m_R,KC
5813034571,VM5v_adPN,VM5v_adPN_R,PN
5813035267,KCa'b'-ap1,KCa'b'-ap1_R,KC
5813035558,KCab-s,KCab-s_R,KC
5813035612,KCg-m,KCg-m_R,KC
5813035613,KCa'b'-ap1,KCa'b'-ap1_R,KC
5813035700,KCg-d,KCg-d_R,KC
5813038793,DL2v_adPN,DL2v_adPN_R,PN
5813038889,D_adPN,D_adPN_R,PN
5813039235,DM6_adPN,DM6_adPN_R,PN
5813039315,DA1_lPN,DA1_lPN_R,PN
5813039465,DL2v_adPN,DL2v_adPN_R,PN
5813039471,DC3_adPN,DC3_adPN_R,PN
5813040171,KCg-m,KCg-m_R,KC
5813040205,MBON30,MBON30(y1y2y3)(AVM07)_L,MBON
5813040941,PAM02,PAM02(B'2a)_L,DAN
5813041206,KCg-m,KCg-m_R,KC
5813042616,KCab-m,KCab-m_R,KC
5813042659,MBON22,MBON22(calyx)_R,MBON
5813047220,KCa'b'-m,KCa'b'-m_R,KC
5813047221,KCa'b'-m,KCa'b'-m_R,KC
5813047662,KCg-m,KCg-m_R,KC
5813047676,KCa'b'-ap2,KCa'b'-ap2_R,KC
5813047784,PAM05,PAM05(B'2p)_L,DAN
5813047790,KCa'b'-ap1,KCa'b'-ap1_R,KC
5813048214,PAM06_b,PAM06_b(B'2m)_L,DAN
5813049834,KCa'b'-ap1,KCa'b'-ap1_R,KC
5813050727,VM7d_adPN,VM7d_adPN_R,PN
5813050729,VA7m_lPN,VA7m_lPN_R,PN
5813050765,KCa'b'-ap2,KCa'b'-ap2_R,KC
5813050818,KCab-m,KCab-m_R,KC
5813050820,KCab-m,KCab-m_R,KC
5813052909,MBON29,MBON29(y4y5)(PVL06)_L,MBON
5813053821,KCg-m,KCg-m_R,KC
5813053878,KCg-m,KCg-m_R,KC
5813053885,KCg-m,KCg-m_R,KC
5813053886,KCg-m,KCg-m_R,KC
5813053888,KCg-m,KCg-m_R,KC
5813053935,KCg-m,KCg-m_R,KC
5813053937,KCg-m,KCg-m_R,KC
5813054085,KCg-m,KCg-m_R,KC
5813054086,KCg-m,KCg-m_R,KC
5813054342,KCab-s,KCab-s_R,KC
5813054343,KCab-s,KCab-s_R,KC
5813054643,KCab-m,KCab-m_R,KC
5813054697,VA1v_adPN,VA1v_adPN_R,PN
5813055025,VA3_adPN,VA3_adPN_R,PN
5813055048,DC2_adPN,DC2_adPN_R,PN
5813055147,VC4_adPN,VC4_adPN_R,PN
5813055162,VA1d_adPN,VA1d_adPN_R,PN
5813055180,VA7m_lPN,VA7m_lPN_R,PN
5813055184,D_adPN,D_adPN_R,PN
5813055889,KCab-s,KCab-s_R,KC
5813055914,KCab-s,KCab-s_R,KC
5813055916,KCab-c,KCab-c_R,KC
5813055923,KCg-m,KCg-m_R,KC
5813055924,KCg-m,KCg-m_R,KC
5813056110,KCab-m,KCab-m_R,KC
5813056120,KCg-m,KCg-m_R,KC
5813056121,KCg-m,KCg-m_R,KC
5813056183,KCg-d,KCg-d_R,KC
5813056234,KCab-m,KCab-m_R,KC
5813056299,KCa'b'-m,KCa'b'-m_R,KC
5813056300,KCa'b'-ap2,KCa'b'-ap2_R,KC
5813056305,KCa'b'-m,KCa'b'-m_R,KC
5813056307,KCa'b'-m,KCa'b'-m_R,KC
5813056309,KCg-m,KCg-m_R,KC
5813056311,KCg-m,KCg-m_R,KC
5813056313,KCa'b'-ap2,KCa'b'-ap2_R,KC
5813056327,KCa'b'-m,KCa'b'-m_R,KC
5813056355,KCab-s,KCab-s_R,KC
5813056372,KCa'b'-m,KCa'b'-m_R,KC
5813056383,KCg-m,KCg-m_R,KC
5813056390,KCa'b'-ap2,KCa'b'-ap2_R,KC
5813056395,KCab-m,KCab-m_R,KC
5813056414,KCg-m,KCg-m_R,KC
5813056596,DC4_adPN,DC4_adPN_R,PN
5813057187,KCab-s,KCab-s_R,KC
5813057191,KCg-m,KCg-m_R,KC
5813057210,KCg-m,KCg-m_R,KC
5813057213,KCab-m,KCab-m_R,KC
5813057227,KCa'b'-m,KCa'b'-m_R,KC
5813057239,KCa'b'-m,KCa'b'-m_R,KC
5813057468,KCg-m,KCg-m_R,KC
5813057573,KCab-c,KCab-c_R,KC
5813057867,KCa'b'-ap1,KCa'b'-ap1_R,KC
5813057869,KCg-m,KCg-m_R,KC
5813057942,KCa'b'-m,KCa'b'-m_R,KC
5813057947,PAM08_a,PAM08_a(y4)_L,DAN
5813057956,KCg-m,KCg-m_R,KC
5813057959,KCg-d,KCg-d_R,KC
5813058048,MBON29,MBON29(y4y5)_R,MBON
5813058050,PPL102,PPL102(y1)_R,DAN
5813058069,KCab-m,KCab-m_R,KC
5813058106,KCab-m,KCab-m_R,KC
5813058163,KCa'b'-ap2,KCa'b'-ap2_R,KC
5813058215,KCa'b'-ap2,KCa'b'-ap2_R,KC
5813059951,KCa'b'-ap2,KCa'b'-ap2_R,KC
5813060614,KCab-s,KCab-s_R,KC
5813060643,KCab-p,KCab-p_R,KC
5813060663,KCg-m,KCg-m_R,KC
5813060774,KCa'b'-ap2,KCa'b'-ap2_R,KC
5813060776,KCa'b'-ap2,KCa'b'-ap2_R,KC
5813060798,KCg-m,KCg-m_R,KC
5813060799,KCg-m,KCg-m_R,KC
5813060811,KCg-m,KCg-m_R,KC
5813060812,KCg-m,KCg-m_R,KC
5813060817,PAM12,PAM12(y3)_L,DAN
5813061044,KCab-c,KCab-c_R,KC
5813061212,PAM08_e,PAM08_e(y4)_L,DAN
5813061512,MBON06,MBON06(B1>a)_R,MBON
5813061538,MBON27,MBON27(y5d)(PVM03)_L,MBON
5813061560,PAM08_a,PAM08_a(y4)_L,DAN
5813061597,KCa'b'-ap1,KCa'b'-ap1_R,KC
5813061625,KCab-m,KCab-m_R,KC
5813061879,PAM14,PAM14(B'1m)_R,DAN
5813061888,KCg-d,KCg-d_R,KC
5813062565,KCa'b'-ap1,KCa'b'-ap1_R,KC
5813062617,KCg-m,KCg-m_R,KC
5813062631,KCg-m,KCg-m_R,KC
5813062637,KCg-m,KCg-m_R,KC
5813062645,KCg-m,KCg-m_R,KC
5813062830,KCab-c,KCab-c_R,KC
5813062842,KCa'b'-m,KCa'b'-m_R,KC
5813062850,KCab-s,KCab-s_R,KC
5813062862,KCg-m,KCg-m_R,KC
5813063140,KCa'b'-m,KCa'b'-m_R,KC
5813063224,KCa'b'-ap2,KCa'b'-ap2_R,KC
5813063229,KCab-s,KCab-s_R,KC
5813063239,VP5+Z_adPN,VP5+Z_adPN(uniAL+SEZ)_R,PN
5813063280,PAM06_a,PAM06_a(B'2m)_R,DAN
5813063449,KCab-c,KCab-c_R,KC
5813063527,KCa'b'-m,KCa'b'-m_R,KC
5813064427,KCa'b'-ap1,KCa'b'-ap1_R,KC
5813064793,KCg-m,KCg-m_R,KC
5813065308,KCab-m,KCab-m_R,KC
5813065443,KCab-s,KCab-s_R,KC
5813067721,MBON14,MBON14(a3)_L,MBON
5813067736,KCab-m,KCab-m_R,KC
5813067761,KCab-m,KCab-m_R,KC
5813067765,KCg-m,KCg-m_R,KC
5813067779,KCab-s,KCab-s_R,KC
5813067792,KCg-m,KCg-m_R,KC
5813067793,KCg-m,KCg-m_R,KC
5813067795,KCg-m,KCg-m_R,KC
5813067817,KCg-m,KCg-m_R,KC
5813067826,KCg-d,KCg-d_R,KC
5813067833,KCg-m,KCg-m_R,KC
5813067836,KCab-m,KCab-m_R,KC
5813067858,KCa'b'-ap2,KCa'b'-ap2_R,KC
5813067869,KCab-m,KCab-m_R,KC
5813068687,KCa'b'-m,KCa'b'-m_R,KC
5813068690,KCa'b'-m,KCa'b'-m_R,KC
5813068692,KCa'b'-ap2,KCa'b'-ap2_R,KC
5813068729,MBON14,MBON14(a3)_R,MBON
5813068743,KCab-s,KCab-s_R,KC
5813068752,KCa'b'-m,KCa'b'-m_R,KC
5813068969,KCg-m,KCg-m_R,KC
5813068984,KCa'b'-ap1,KCa'b'-ap1_R,KC
5813069089,VL2a_adPN,VL2a_adPN_R,PN
5813069096,KCg-m,KCg-m_R,KC
5813069114,KCab-s,KCab-s_R,KC
5813069379,KCa'b'-ap2,KCa'b'-ap2_R,KC
5813069385,KCa'b'-m,KCa'b'-m_R,KC
5813069792,KCg-m,KCg-m_R,KC
5813069965,PAM05,PAM05(B'2p)_L,DAN
5813069977,PAM08_c,PAM08_c(y4)_L,DAN
5813070270,KCg-d,KCg-d_R,KC
5813070581,KCg-m,KCg-m_R,KC
5813070672,KCg-m,KCg-m_R,KC
5813070872,DM6_adPN,DM6_adPN_R,PN
5813071348,PPL202,PPL202_R,DAN
5813071406,KCab-m,KCab-m_R,KC
5813075824,PAM09,PAM09(B1ped)_R,DAN
5813075855,KCg-m,KCg-m_R,KC
5813077572,KCg-m,KCg-m_R,KC
5813077575,KCg-d,KCg-d_R,KC
5813077579,KCa'b'-ap2,KCa'b'-ap2_R,KC
5813077582,KCa'b'-ap2,KCa'b'-ap2_R,KC
5813077583,KCa'b'-ap2,KCa'b'-ap2_R,KC
5813077589,KCab-p,KCab-p_R,KC
5813077607,KCg-d,KCg-d_R,KC
5813077610,KCg-m,KCg-m_R,KC
5813077611,KCg-m,KCg-m_R,KC
5813077613,KCg-m,KCg-m_R,KC
5813077616,KCab-s,KCab-s_R,KC
5813077810,VL2a_vPN,VL2a_vPN_R,PN
5813078053,KCab-s,KCab-s_R,KC
5813078064,KCa'b'-m,KCa'b'-m_R,KC
5813078179,KCa'b'-ap2,KCa'b'-ap2_R,KC
5813078323,KCa'b'-ap1,KCa'b'-ap1_R,KC
5813078499,KCa'b'-m,KCa'b'-m_R,KC
5813078507,KCab-s,KCab-s_R,KC
5813078552,KCab-s,KCab-s_R,KC
5813078679,KCa'b'-ap1,KCa'b'-ap1_R,KC
5813078684,KCg-d,KCg-d_R,KC
5813079050,KCg-m,KCg-m_R,KC
5813079174,KCab-m,KCab-m_R,KC
5813079489,KCg-m,KCg-m_R,KC
5813080254,KCab-m,KCab-m_R,KC
5813080343,KCab-m,KCab-m_R,KC
5813080766,KCg-m,KCg-m_R,KC
5813081174,KCg-m,KCg-m_R,KC
5813081175,KCg-d,KCg-d_R,KC
5813081176,KCg-d,KCg-d_R,KC
5813081511,KCab-c,KCab-c_R,KC
5813081797,KCab-s,KCab-s_R,KC
5813082175,PAM12,PAM12(y3)_L,DAN
5813082811,KCab-s,KCab-s_R,KC
5813082847,KCab-c,KCab-c_R,KC
5813083651,KCg-d,KCg-d_R,KC
5813083719,KCab-m,KCab-m_R,KC
5813083990,KCg-m,KCg-m_R,KC
5813084505,KCa'b'-ap1,KCa'b'-ap1_R,KC
5813084692,KCg-m,KCg-m_R,KC
5813085240,KCa'b'-ap2,KCa'b'-ap2_R,KC
5813086212,KCab-c,KCab-c_R,KC
5813087453,KCab-m,KCab-m_R,KC
5813087798,KCg-m,KCg-m_R,KC
5813087817,PAM12,PAM12(y3)_R,DAN
5813087831,KCab-c,KCab-c_R,KC
5813088058,KCab-s,KCab-s_R,KC
5813088767,KCab-s,KCab-s_R,KC
5813089804,KCab-m,KCab-m_R,KC
5813090605,KCab-m,KCab-m_R,KC
5813090861,KCab-m,KCab-m_R,KC
5813090947,PAM06_a,PAM06_a(B'2m)_L,DAN
5813090997,KCg-d,KCg-d_R,KC
5813091021,KCa'b'-ap1,KCa'b'-ap1_R,KC
5813091211,KCab-s,KCab-s_R,KC
5813091313,KCab-m,KCab-m_R,KC
5813091420,PAM05,PAM05(B'2p)_L,DAN
5813091744,KCab-p,KCab-p_R,KC
5813091758,PAM06_a,PAM06_a(B'2m)_L,DAN
5813092931,KCab-p,KCab-p_R,KC
5813093014,KCg-m,KCg-m_R,KC
5813093111,KCa'b'-ap2,KCa'b'-ap2_R,KC
5813093171,PAM04_a,PAM04_a(B2)_L,DAN
5813093544,KCab-m,KCab-m_R,KC
5813093847,KCg-d,KCg-d_R,KC
5813094364,KCg-m,KCg-m_R,KC
5813094743,KCg-m,KCg-m_R,KC
5813095018,KCa'b'-ap2,KCa'b'-ap2_R,KC
5813095238,KCab-m,KCab-m_R,KC
5813095472,KCa'b'-m,KCa'b'-m_R,KC
5813095523,KCg-m,KCg-m_R,KC
5813095915,KCg-m,KCg-m_R,KC
5813096260,KCa'b'-ap2,KCa'b'-ap2_R,KC
5813096281,KCab-c,KCab-c_R,KC
5813096528,KCg-d,KCg-d_R,KC
5813096699,PAM15_a,PAM15_a(y5B'2a)_R,DAN
5813098738,KCab-s,KCab-s_R,KC
5813098776,PAM02,PAM02(B'2a)_R,DAN
5813099399,KCg-m,KCg-m_R,KC
5813099783,KCab-m,KCab-m_R,KC
5813100896,PAM12,PAM12(y3)_R,DAN
5813101387,KCg-m,KCg-m_R,KC
5813102642,KCg-m,KCg-m_R,KC
5813104095,KCg-m,KCg-m_R,KC
5813104096,KCg-m,KCg-m_R,KC
5813106192,KCab-m,KCab-m_R,KC
5813106497,KCab-m,KCab-m_R,KC
5813109913,KCab-s,KCab-s_R,KC
5813109941,PAM07,PAM07(y4<y1y2)_R,DAN
5813110152,KCab-s,KCab-s_R,KC
5813110238,KCab-s,KCab-s_R,KC
5813110459,KCa'b'-ap1,KCa'b'-ap1_R,KC
5813110639,KCg-m,KCg-m_R,KC
5813110928,KCab-s,KCab-s_R,KC
5813111042,KCa'b'-ap1,KCa'b'-ap1_R,KC
5813112511,KCa'b'-ap1,KCa'b'-ap1_R,KC
5813113782,KCab-m,KCab-m_R,KC
5813114253,KCab-m,KCab-m_R,KC
5813114700,KCab-p,KCab-p_R,KC
5813114971,KCab-p,KCab-p_R,KC
5813117385,MBON27,MBON27(y5d)_R,MBON
5813124740,PAM07,PAM07(y4<y1y2)_L,DAN
5813127030,PAM06_a,PAM06_a(B'2m)_R,DAN
5813128857,KCab-c,KCab-c_R,KC
581332573,PAM01_a,PAM01_a(y5)_R,DAN
581633934,KCab-s,KCab-s_R,KC
582139830,PAM04_a,PAM04_a(B2)_L,DAN
582148591,PAM10,PAM10(B1)_L,DAN
582355376,PAM08_e,PAM08_e(y4)_R,DAN
583175492,PAM04_a,PAM04_a(B2)_L,DAN
5901193485,KCg-m,KCg-m_R,KC
5901196925,KCg-d,KCg-d_R,KC
5901197726,KCg-m,KCg-m_R,KC
5901198074,KCg-m,KCg-m_R,KC
5901201372,ORN_DM3,ORN_DM3_L,ORN
5901202076,KCab-c,KCab-c_R,KC
5901202102,KCg-m,KCg-m_R,KC
5901205545,PAM05,PAM05(B'2p)_L,DAN
5901205770,KCab-s,KCab-s_R,KC
5901207528,KCab-c,KCab-c_R,KC
5901222910,DM2_lPN,DM2_lPN_R,PN
5901225361,KCg-m,KCg-m_R,KC
599674785,KCab-m,KCab-m_R,KC
600011602,KCab-m,KCab-m_R,KC
600356751,KCg-m,KCg-m_R,KC
600365719,KCab-p,KCab-p_R,KC
600667501,KCab-s,KCab-s_R,KC
600684832,KCg-m,KCg-m_R,KC
600693904,KCg-m,KCg-m_R,KC
600702348,KCg-m,KCg-m_R,KC
600702483,KCg-m,KCg-m_R,KC
601047826,KCg-m,KCg-m_R,KC
601047827,KCg-m,KCg-m_R,KC
601047853,KCg-m,KCg-m_R,KC
601319398,KCab-m,KCab-m_R,KC
601388689,KCg-d,KCg-d_R,KC
601712754,KCg-m,KCg-m_R,KC
601725569,KCg-d,KCg-d_R,KC
602118253,KCg-m,KCg-m_R,KC
602459169,KCg-m,KCg-m_R,KC
602459213,KCg-m,KCg-m_R,KC
602459682,KCg-m,KCg-m_R,KC
602808843,KCa'b'-ap2,KCa'b'-ap2_R,KC
602809029,KCg-m,KCg-m_R,KC
603422422,KCab-s,KCab-s_R,KC
603785283,VP1l+VP3_ilPN,VP1l+VP3_ilPN,PN
604031203,DM4_vPN,DM4_vPN_R,PN
606090268,VC1_lPN,VC1_lPN_R,PN
610618198,KCa'b'-m,KCa'b'-m_R,KC
610968248,KCa'b'-m,KCa'b'-m_R,KC
611089775,MBON35,MBON35(y2)_L,MBON
611300533,KCa'b'-m,KCa'b'-m_R,KC
611304789,KCab-s,KCab-s_R,KC
611305085,KCa'b'-m,KCa'b'-m_R,KC
611309194,KCab-m,KCab-m_R,KC
611646050,KCab-p,KCab-p_R,KC
611646132,KCab-s,KCab-s_R,KC
611646147,KCab-p,KCab-p_R,KC
611974080,KCa'b'-ap1,KCa'b'-ap1_R,KC
612323667,KCa'b'-m,KCa'b'-m_R,KC
612371421,MBON01,MBON01(y5B'2a)_R,MBON
612422902,MBON25,MBON25(y1y2)_R,MBON
612440702,PAM01_b,PAM01_b(y5)_L,DAN
612638791,PAM04_a,PAM04_a(B2)_R,DAN
612668833,KCab-s,KCab-s_R,KC
612669205,KCab-s,KCab-s_R,KC
612738462,MBON03,MBON03(B'2mp)_L,MBON
612742248,MBON25,MBON25(y1y2)_L,MBON
613079053,MBON04,MBON04(B'2mp_bilateral)_L,MBON
613398716,PAM01_b,PAM01_b(y5)_R,DAN
613719036,MBON10,MBON10(B'1)_R,MBON
613835634,PAM01_b,PAM01_b(y5)_L,DAN
613847777,PAM01_a,PAM01_a(y5)_L,DAN
630373425,KCab-c,KCab-c_R,KC
630373497,KCab-s,KCab-s_R,KC
630377642,KCab-m,KCab-m_R,KC
630381662,KCab-m,KCab-m_R,KC
630381893,KCg-m,KCg-m_R,KC
630714299,DM2_lPN,DM2_lPN_R,PN
630722830,KCab-s,KCab-s_R,KC
630722941,KCg-m,KCg-m_R,KC
630727056,KCg-m,KCg-m_R,KC
630731599,KCg-t,KCg-t_R,KC
630748479,KCa'b'-ap1,KCa'b'-ap1_R,KC
631051012,KCab-s,KCab-s_R,KC
631051057,KCg-m,KCg-m_R,KC
631055506,KCg-m,KCg-m_R,KC
631059587,KCab-s,KCab-s_R,KC
631064055,KCg-m,KCg-m_R,KC
631396256,KCg-m,KCg-m_R,KC
631396453,KCab-m,KCab-m_R,KC
631396532,KCg-m,KCg-m_R,KC
631400190,KCg-m,KCg-m_R,KC
631400288,KCg-d,KCg-d_R,KC
631400598,KCg-m,KCg-m_R,KC
631400622,KCg-m,KCg-m_R,KC
631400693,KCg-m,KCg-m_R,KC
631422121,KCg-m,KCg-m_R,KC
631422224,KCg-m,KCg-m_R,KC
631733127,KCg-m,KCg-m_R,KC
631737164,KCg-m,KCg-m_R,KC
631737380,KCg-m,KCg-m_R,KC
631741308,KCg-d,KCg-d_R,KC
631741483,KCg-m,KCg-m_R,KC
632013356,KCab-m,KCab-m_R,KC
632048075,KCg-m,KCg-m_R,KC
632069728,KCg-m,KCg-m_R,KC
632069757,KCg-m,KCg-m_R,KC
632069851,KCg-m,KCg-m_R,KC
632082635,KCg-m,KCg-m_R,KC
632086737,KCg-d,KCg-d_R,KC
632091116,KCg-d,KCg-d_R,KC
632397510,KCg-m,KCg-m_R,KC
632397750,KCg-m,KCg-m_R,KC
632397780,KCg-m,KCg-m_R,KC
632397786,KCg-m,KCg-m_R,KC
632397798,KCg-m,KCg-m_R,KC
632402333,KCg-m,KCg-m_R,KC
632734572,KCg-m,KCg-m_R,KC
632764978,KCg-d,KCg-d_R,KC
632808044,KCg-m,KCg-m_R,KC
633144545,KCg-m,KCg-m_R,KC
633148704,KCg-m,KCg-m_R,KC
633148716,KCg-m,KCg-m_R,KC
633148859,KCg-m,KCg-m_R,KC
633149039,KCg-m,KCg-m_R,KC
633149202,KCg-m,KCg-m_R,KC
633498748,KCg-m,KCg-m_R,KC
634759240,VP4_vPN,VP4_vPN(mlALT)_R,PN
635048729,DP1m_vPN,DP1m_vPN_R,PN
635062078,DP1m_adPN,DP1m_adPN_R,PN
635416407,DM5_lPN,DM5_lPN_R,PN
636789080,VC5_adPN,VC5_adPN_R,PN
641653381,KCa'b'-m,KCa'b'-m_R,KC
642335523,KCab-p,KCab-p_R,KC
642335553,KCa'b'-m,KCa'b'-m_R,KC
642516892,PPL105,PPL105(a'2a2)(PDL05)_L,DAN
642664141,MBON15,MBON15(a'1)_R,MBON
642680823,KCab-s,KCab-s_R,KC
642680826,KCab-p,KCab-p_R,KC
642680853,KCab-m,KCab-m_R,KC
642680881,KCab-m,KCab-m_R,KC
642680969,KCab-p,KCab-p_R,KC
642681035,KCab-m,KCab-m_R,KC
642689607,KCab-m,KCab-m_R,KC
642732835,MBON32,MBON32(y2)_R,MBON
643142863,PAM01_a,PAM01_a(y5)_L,DAN
643362770,KCab-s,KCab-s_R,KC
643363111,KCab-s,KCab-s_R,KC
643501489,PAM02,PAM02(B'2a)_L,DAN
643523134,PAM05,PAM05(B'2p)_L,DAN
643535876,PAM10,PAM10(B1)_L,DAN
643703819,KCab-s,KCab-s_R,KC
643847447,MBON32,MBON32(y2)(ADM08)_L,MBON
644417074,PAM06_b,PAM06_b(B'2m)_R,DAN
644870768,PAM01_a,PAM01_a(y5)_L,DAN
644896959,PAM09,PAM09(B1ped)_L,DAN
645090294,PAM04_a,PAM04_a(B2)_R,DAN
645224664,PAM01_a,PAM01_a(y5)_L,DAN
660730340,KCab-c,KCab-c_R,KC
661076014,KCab-c,KCab-c_R,KC
661080007,KCa'b'-m,KCa'b'-m_R,KC
661084049,KCg-m,KCg-m_R,KC
661395129,KCg-m,KCg-m_R,KC
661399477,KCg-m,KCg-m_R,KC
661407917,KCa'b'-m,KCa'b'-m_R,KC
661408056,KCg-m,KCg-m_R,KC
661408094,KCab-m,KCab-m_R,KC
661421129,KCg-m,KCg-m_R,KC
661430106,KCg-m,KCg-m_R,KC
661430179,KCg-m,KCg-m_R,KC
661740651,KCg-m,KCg-m_R,KC
661757811,KCg-m,KCg-m_R,KC
661766416,KCg-m,KCg-m_R,KC
662081640,KCg-m,KCg-m_R,KC
662081902,KCg-m,KCg-m_R,KC
662085486,KCg-m,KCg-m_R,KC
662094168,KCg-m,KCg-m_R,KC
662103124,KCab-c,KCab-c_R,KC
662107551,KCg-m,KCg-m_R,KC
662107593,KCg-m,KCg-m_R,KC
662409505,KCa'b'-m,KCa'b'-m_R,KC
662409582,KCa'b'-ap2,KCa'b'-ap2_R,KC
662414157,KCab-c,KCab-c_R,KC
662418320,KCg-m,KCg-m_R,KC
662452625,KCg-m,KCg-m_R,KC
662461539,KCg-m,KCg-m_R,KC
662728826,KCab-m,KCab-m_R,KC
662754991,KCg-m,KCg-m_R,KC
662763626,KCg-m,KCg-m_R,KC
662763904,KCg-m,KCg-m_R,KC
662767770,KCg-m,KCg-m_R,KC
662772373,KCab-m,KCab-m_R,KC
662772393,KCg-m,KCg-m_R,KC
662789529,KCab-s,KCab-s_R,KC
662802782,KCg-m,KCg-m_R,KC
662806818,KCg-m,KCg-m_R,KC
663091787,KCg-m,KCg-m_R,KC
663130304,KCg-d,KCg-d_R,KC
663134970,KCg-m,KCg-m_R,KC
663432544,VP3+_vPN,VP3+_vPN(t10ALT)_R,PN
663493162,KCg-m,KCg-m_R,KC
663834152,KCg-m,KCg-m_R,KC
664141134,KCg-m,KCg-m_R,KC
664184060,KCg-m,KCg-m_R,KC
664187932,KCg-m,KCg-m_R,KC
664188056,KCg-m,KCg-m_R,KC
664188083,KCg-m,KCg-m_R,KC
664188108,KCg-m,KCg-m_R,KC
664188129,KCg-m,KCg-m_R,KC
664188211,KCg-m,KCg-m_R,KC
664511977,KCg-d,KCg-d_R,KC
666135689,DA3_adPN,DA3_adPN_R,PN
672352543,MBON10,MBON10(B'1)_R,MBON
673029543,KCa'b'-m,KCa'b'-m_R,KC
673366098,MBON16,MBON16(a'3ap)_R,MBON
673366263,KCa'b'-ap2,KCa'b'-ap2_R,KC
673370525,KCa'b'-m,KCa'b'-m_R,KC
673509195,MBON01,MBON01(y5B'2a)_L,MBON
673702721,MBON15,MBON15(a'1)_R,MBON
673715784,KCab-m,KCab-m_R,KC
674056647,KCab-m,KCab-m_R,KC
674056882,KCab-m,KCab-m_R,KC
674393414,KCa'b'-ap2,KCa'b'-ap2_R,KC
674398014,KCab-m,KCab-m_R,KC
674519060,PAM01_a,PAM01_a(y5)_L,DAN
674738872,KCa'b'-ap2,KCa'b'-ap2_R,KC
675451588,PAM14,PAM14(B'1m)_R,DAN
675468771,PAM13,PAM13(B'1ap)_R,DAN
675602461,PAM09,PAM09(B1ped)_L,DAN
675763039,PAM06_a,PAM06_a(B'2m)_R,DAN
676263239,PAM01_a,PAM01_a(y5)_L,DAN
676612729,PAM04_a,PAM04_a(B2)_L,DAN
676616719,PAM04_a,PAM04_a(B2)_L,DAN
691760950,KCab-m,KCab-m_R,KC
692093440,KCg-m,KCg-m_R,KC
692110379,KCab-s,KCab-s_R,KC
692119287,KCg-m,KCg-m_R,KC
692430198,KCg-m,KCg-m_R,KC
692434135,KCg-m,KCg-m_R,KC
692792746,KCab-c,KCab-c_R,KC
692810011,KCg-m,KCg-m_R,KC
692818786,KCg-m,KCg-m_R,KC
692818802,KCg-m,KCg-m_R,KC
693099031,KCg-m,KCg-m_R,KC
693099064,KCab-m,KCab-m_R,KC
693099102,KCg-m,KCg-m_R,KC
693116396,KCab-c,KCab-c_R,KC
693125078,VC3l_adPN,VC3l_adPN_R,PN
693133603,KCg-m,KCg-m_R,KC
693159855,KCab-s,KCab-s_R,KC
693448777,KCab-c,KCab-c_R,KC
693453332,KCab-c,KCab-c_R,KC
693479072,VM7v_adPN,VM7v_adPN_R,PN
693483018,DL5_adPN,DL5_adPN_R,PN
693500431,KCg-m,KCg-m_R,KC
693500652,KCg-m,KCg-m_R,KC
693785371,KCg-m,KCg-m_R,KC
693785633,KCab-m,KCab-m_R,KC
693837780,KCg-m,KCg-m_R,KC
693841887,KCg-m,KCg-m_R,KC
693841929,KCab-s,KCab-s_R,KC
693846112,KCg-m,KCg-m_R,KC
694524222,KCg-m,KCg-m_R,KC
694834412,VM4_adPN,VM4_adPN_R,PN
697132371,VM2_adPN,VM2_adPN_R,PN
697485362,DM5_lPN,DM5_lPN_R,PN
697848868,DC4_vPN,DC4_vPN_R,PN
698508565,V_ilPN,V_ilPN,PN
704409534,KCab-p,KCab-p_R,KC
704409742,KCab-s,KCab-s_R,KC
704466265,MBON12,MBON12(y2a'1)_R,MBON
704742082,KCa'b'-m,KCa'b'-m_R,KC
704746449,KCab-p,KCab-p_R,KC
704746457,KCab-p,KCab-p_R,KC
704750475,KCab-s,KCab-s_R,KC
704750665,KCab-m,KCab-m_R,KC
704750673,KCab-m,KCab-m_R,KC
704750742,KCab-s,KCab-s_R,KC
704750766,KCab-m,KCab-m_R,KC
704750842,KCab-m,KCab-m_R,KC
704759205,KCa'b'-ap2,KCa'b'-ap2_R,KC
705082892,KCa'b'-m,KCa'b'-m_R,KC
705091521,KCab-m,KCab-m_R,KC
705091769,KCab-c,KCab-c_R,KC
705091939,KCab-c,KCab-c_R,KC
705432638,KCab-s,KCab-s_R,KC
705432922,KCab-m,KCab-m_R,KC
705774051,KCab-s,KCab-s_R,KC
706819341,PAM13,PAM13(B'1ap)_R,DAN
706948318,MBON31,MBON31(a'1a)(ADM10)_L,MBON
707647321,PAM04_a,PAM04_a(B2)_L,DAN
707660374,PAM04_a,PAM04_a(B2)_L,DAN
722450065,KCg-m,KCg-m_R,KC
722463321,KCg-d,KCg-d_R,KC
722467632,KCg-m,KCg-m_R,KC
722467714,KCg-d,KCg-d_R,KC
722471778,KCg-m,KCg-m_R,KC
722471825,KCg-d,KCg-d_R,KC
722817260,DA1_lPN,DA1_lPN_R,PN
722821616,KCg-m,KCg-m_R,KC
723153828,KCg-m,KCg-m_R,KC
723158245,KCg-m,KCg-m_R,KC
723167312,KCg-m,KCg-m_R,KC
723495119,KCg-m,KCg-m_R,KC
723508068,KCa'b'-ap1,KCa'b'-ap1_R,KC
723508086,KCg-d,KCg-d_R,KC
723508095,KCg-d,KCg-d_R,KC
723508162,KCg-m,KCg-m_R,KC
723848801,KCg-m,KCg-m_R,KC
723849351,KCg-m,KCg-m_R,KC
723853340,KCab-s,KCab-s_R,KC
724134138,KCab-m,KCab-m_R,KC
724142845,KCg-m,KCg-m_R,KC
724522447,KCg-m,KCg-m_R,KC
724531411,KCg-m,KCg-m_R,KC
724816115,DP1l_adPN,DP1l_adPN_R,PN
724867606,KCg-m,KCg-m_R,KC
724867917,KCg-m,KCg-m_R,KC
724876683,KCg-m,KCg-m_R,KC
724885340,KCg-m,KCg-m_R,KC
725174424,KCab-m,KCab-m_R,KC
725200110,KCg-m,KCg-m_R,KC
725217343,KCg-m,KCg-m_R,KC
727472481,VM2_adPN,VM2_adPN_R,PN
730213826,DP1l_vPN,DP1l_vPN_R,PN
733036127,MBON07,MBON07(a1)_R,MBON
733316908,DA1_vPN,DA1_vPN_R,PN
735112319,PAM14,PAM14(B'1m)_R,DAN
735134301,PAM08_c,PAM08_c(y4)_R,DAN
735282133,PAM09,PAM09(B1ped)_L,DAN
735600320,PAM06_a,PAM06_a(B'2m)_L,DAN
735785459,KCab-m,KCab-m_R,KC
735785541,KCab-s,KCab-s_R,KC
735785583,KCab-s,KCab-s_R,KC
735785639,KCab-c,KCab-c_R,KC
735785741,KCab-s,KCab-s_R,KC
735790008,KCab-s,KCab-s_R,KC
736117977,KCa'b'-m,KCa'b'-m_R,KC
736122569,KCab-m,KCab-m_R,KC
736126563,KCab-c,KCab-c_R,KC
736126644,KCab-c,KCab-c_R,KC
736126668,KCab-c,KCab-c_R,KC
736126717,KCab-c,KCab-c_R,KC
736126732,KCab-m,KCab-m_R,KC
736126746,KCab-m,KCab-m_R,KC
736463614,KCab-m,KCab-m_R,KC
736467526,KCab-m,KCab-m_R,KC
736467640,KCab-m,KCab-m_R,KC
736808522,KCa'b'-ap2,KCa'b'-ap2_R,KC
736808904,KCab-s,KCab-s_R,KC
736813212,KCab-s,KCab-s_R,KC
737149820,KCa'b'-ap2,KCa'b'-ap2_R,KC
737149964,KCa'b'-ap1,KCa'b'-ap1_R,KC
737150041,KCa'b'-ap2,KCa'b'-ap2_R,KC
737167616,PAM02,PAM02(B'2a)_R,DAN
737491062,KCa'b'-ap1,KCa'b'-ap1_R,KC
753489735,KCab-c,KCab-c_R,KC
753489892,KCab-c,KCab-c_R,KC
753489951,KCab-c,KCab-c_R,KC
753506746,KCg-d,KCg-d_R,KC
753839564,KCg-m,KCg-m_R,KC
753847960,KCg-m,KCg-m_R,KC
753852265,KCab-c,KCab-c_R,KC
753852396,KCab-c,KCab-c_R,KC
753852432,KCg-m,KCg-m_R,KC
754163207,KCab-c,KCab-c_R,KC
754184667,KCab-s,KCab-s_R,KC
754188911,KCg-m,KCg-m_R,KC
754188980,KCg-m,KCg-m_R,KC
754197850,KCab-s,KCab-s_R,KC
754202022,KCg-m,KCg-m_R,KC
754206396,KCg-m,KCg-m_R,KC
754473844,KCg-d,KCg-d_R,KC
754525744,KCa'b'-ap2,KCa'b'-ap2_R,KC
754534424,DA1_lPN,DA1_lPN_R,PN
754538763,KCab-c,KCab-c_R,KC
754538881,DA1_lPN,DA1_lPN_R,PN
754547386,KCg-m,KCg-m_R,KC
754854077,VC4_adPN,VC4_adPN_R,PN
754870859,KCg-m,KCg-m_R,KC
754879354,KCab-c,KCab-c_R,KC
754884149,KCg-d,KCg-d_R,KC
754893183,KCa'b'-ap2,KCa'b'-ap2_R,KC
755173189,KCab-c,KCab-c_R,KC
755177787,KCab-m,KCab-m_R,KC
755229523,KCg-m,KCg-m_R,KC
755234235,KCab-c,KCab-c_R,KC
755518957,DM3_adPN,DM3_adPN_R,PN
755544921,KCg-m,KCg-m_R,KC
755851102,KCg-m,KCg-m_R,KC
755868550,KCab-c,KCab-c_R,KC
756196285,KCg-m,KCg-m_R,KC
756196541,KCg-d,KCg-d_R,KC
756567539,KCab-m,KCab-m_R,KC
756585129,KCab-m,KCab-m_R,KC
756601858,KCg-d,KCg-d_R,KC
757556799,VL1_vPN,VL1_vPN_R,PN
759464163,PPL204,PPL204(PVL17)_L,DAN
765457262,PAM06_a,PAM06_a(B'2m)_R,DAN
766298734,PAM11,PAM11(a1)_L,DAN
766820559,KCab-m,KCab-m_R,KC
766838498,PAM14,PAM14(B'1m)_R,DAN
767161652,KCab-m,KCab-m_R,KC
767161677,KCab-m,KCab-m_R,KC
767494105,KCab-p,KCab-p_R,KC
767502579,KCab-c,KCab-c_R,KC
767502627,KCab-c,KCab-c_R,KC
767502639,KCab-c,KCab-c_R,KC
767502657,KCab-c,KCab-c_R,KC
767502667,KCab-c,KCab-c_R,KC
767671354,PAM14,PAM14(B'1m)_L,DAN
767852204,KCa'b'-m,KCa'b'-m_R,KC
768184496,KCa'b'-m,KCa'b'-m_R,KC
768184604,KCa'b'-ap2,KCa'b'-ap2_R,KC
768184623,KCa'b'-m,KCa'b'-m_R,KC
768525593,KCa'b'-ap1,KCa'b'-ap1_R,KC
768525608,KCa'b'-ap2,KCa'b'-ap2_R,KC
768525647,KCa'b'-ap2,KCa'b'-ap2_R,KC
768555687,MBON10,MBON10(B'1)_R,MBON
769018494,PAM13,PAM13(B'1ap)_L,DAN
769721865,KCab-c,KCab-c_R,KC
770692923,PAM05,PAM05(B'2p)_L,DAN
784204967,KCg-m,KCg-m_R,KC
784533172,KCg-d,KCg-d_R,KC
784541732,KCg-d,KCg-d_R,KC
784541854,KCg-m,KCg-m_R,KC
784844007,KCab-c,KCab-c_R,KC
784844112,KCab-c,KCab-c_R,KC
784882707,KCab-c,KCab-c_R,KC
784895866,KCg-m,KCg-m_R,KC
785189156,KCab-m,KCab-m_R,KC
785198372,KCab-m,KCab-m_R,KC
785232629,KCab-c,KCab-c_R,KC
785232649,KCg-m,KCg-m_R,KC
785525736,KCab-m,KCab-m_R,KC
785573850,KCab-s,KCab-s_R,KC
785888696,KCab-c,KCab-c_R,KC
785914742,KCg-m,KCg-m_R,KC
785918963,KCg-t,KCg-t_R,KC
786221078,KCab-m,KCab-m_R,KC
786260089,KCg-d,KCg-d_R,KC
786929029,KCab-s,KCab-s_R,KC
788306624,DM6_adPN,DM6_adPN_R,PN
788306724,VC4_adPN,VC4_adPN_R,PN
788648194,DL2d_adPN,DL2d_adPN_R,PN
792368888,MBON20,MBON20(y1y2)_R,MBON
797514653,KCab-m,KCab-m_R,KC
797687628,PAM14,PAM14(B'1m)_L,DAN
797855394,KCab-m,KCab-m_R,KC
798027992,PAM06_a,PAM06_a(B'2m)_L,DAN
798192091,KCab-m,KCab-m_R,KC
798192115,KCab-m,KCab-m_R,KC
798192162,KCab-c,KCab-c_R,KC
798196366,KCab-m,KCab-m_R,KC
798196389,KCab-m,KCab-m_R,KC
798196454,KCab-m,KCab-m_R,KC
798196461,KCab-c,KCab-c_R,KC
798356481,PAM08_b,PAM08_b(y4)_L,DAN
798528850,KCa'b'-m,KCa'b'-m_R,KC
798533259,KCab-c,KCab-c_R,KC
798537392,KCab-c,KCab-c_R,KC
798537456,KCab-c,KCab-c_R,KC
798537538,KCab-c,KCab-c_R,KC
798537580,KCab-c,KCab-c_R,KC
798537638,KCab-c,KCab-c_R,KC
798537701,KCab-c,KCab-c_R,KC
798585556,PAM06_b,PAM06_b(B'2m)_L,DAN
798693540,PAM06_a,PAM06_a(B'2m)_L,DAN
798869986,KCab-s,KCab-s_R,KC
798874090,KCab-s,KCab-s_R,KC
799215269,KCab-p,KCab-p_R,KC
799219511,KCa'b'-m,KCa'b'-m_R,KC
799219795,KCab-p,KCab-p_R,KC
799362484,PAM14,PAM14(B'1m)_L,DAN
799560834,KCa'b'-m,KCa'b'-m_R,KC
799578347,PAM13,PAM13(B'1ap)_R,DAN
799586652,MBON05,MBON05(y4>y1y2)(AVM07)_L,MBON
799901370,KCa'b'-ap1,KCa'b'-ap1_R,KC
799906141,KCa'b'-ap2,KCa'b'-ap2_R,KC
799919294,PAM14,PAM14(B'1m)_R,DAN
800264315,PAM04_a,PAM04_a(B2)_R,DAN
800303089,PPL108,PPL108_R,DAN
800622401,PAM13,PAM13(B'1ap)_R,DAN
800743420,PAM04_a,PAM04_a(B2)_L,DAN
815222743,KCg-d,KCg-d_R,KC
815240159,KCab-m,KCab-m_R,KC
815568065,KCg-d,KCg-d_R,KC
815580911,KCg-m,KCg-m_R,KC
815585355,KCab-c,KCab-c_R,KC
815909099,KCg-m,KCg-m_R,KC
815921891,KCab-c,KCab-c_R,KC
815922095,KCab-s,KCab-s_R,KC
815922112,KCg-m,KCg-m_R,KC
815926323,KCab-c,KCab-c_R,KC
815926332,KCab-m,KCab-m_R,KC
815926346,KCab-c,KCab-c_R,KC
815930761,KCab-s,KCab-s_R,KC
816219578,KCab-c,KCab-c_R,KC
816219622,KCab-c,KCab-c_R,KC
816219675,KCab-c,KCab-c_R,KC
816254592,KCab-c,KCab-c_R,KC
816263443,KCab-c,KCab-c_R,KC
816276055,KCg-m,KCg-m_R,KC
816276925,KCg-m,KCg-m_R,KC
816613438,KCa'b'-ap1,KCa'b'-ap1_R,KC
816962833,KCa'b'-ap2,KCa'b'-ap2_R,KC
817294806,KCa'b'-ap2,KCa'b'-ap2_R,KC
817299301,KCa'b'-m,KCa'b'-m_R,KC
817985849,KCab-s,KCab-s_R,KC
817993932,KCab-s,KCab-s_R,KC
818637585,KCab-c,KCab-c_R,KC
818983130,DA2_lPN,DA2_lPN_R,PN
823314446,DL2d_vPN,DL2d_vPN_R,PN
824353701,VL2p_vPN,VL2p_vPN_R,PN
829015629,KCab-m,KCab-m_R,KC
829231385,KCab-m,KCab-m_R,KC
829231457,KCab-m,KCab-m_R,KC
829235909,KCab-p,KCab-p_R,KC
829261936,PAM12,PAM12(y3)_R,DAN
829379400,PAM14,PAM14(B'1m)_L,DAN
829568160,KCab-c,KCab-c_R,KC
829572252,KCab-c,KCab-c_R,KC
829572451,KCab-c,KCab-c_R,KC
829572544,KCab-c,KCab-c_R,KC
830276571,PAM05,PAM05(B'2p)_R,DAN
830586919,KCa'b'-ap2,KCa'b'-ap2_R,KC
831273286,KCa'b'-ap1,KCa'b'-ap1_R,KC
834044577,PAM06_b,PAM06_b(B'2m)_R,DAN
846270628,KCab-c,KCab-c_R,KC
846602958,KCg-d,KCg-d_R,KC
846611449,KCab-c,KCab-c_R,KC
846611908,KCab-c,KCab-c_R,KC
846616006,KCab-c,KCab-c_R,KC
846616159,KCab-m,KCab-m_R,KC
846620223,KCab-s,KCab-s_R,KC
846620287,KCab-m,KCab-m_R,KC
846952407,KCab-m,KCab-m_R,KC
846952683,KCab-m,KCab-m_R,KC
847250148,KCab-c,KCab-c_R,KC
847254513,KCab-c,KCab-c_R,KC
847254536,KCab-m,KCab-m_R,KC
847254566,KCab-c,KCab-c_R,KC
847254581,KCab-m,KCab-m_R,KC
847293869,KCab-s,KCab-s_R,KC
847297956,KCg-m,KCg-m_R,KC
847297982,KCab-m,KCab-m_R,KC
847302850,KCg-m,KCg-m_R,KC
847595624,KCab-c,KCab-c_R,KC
847989021,KCab-m,KCab-m_R,KC
848287126,KCab-c,KCab-c_R,KC
848316930,KCab-c,KCab-c_R,KC
848321392,KCab-c,KCab-c_R,KC
848330091,KCab-s,KCab-s_R,KC
848662421,KCab-c,KCab-c_R,KC
848662441,KCab-c,KCab-c_R,KC
848666776,KCab-m,KCab-m_R,KC
848692583,KCg-m,KCg-m_R,KC
849370246,KCab-s,KCab-s_R,KC
849370258,KCab-s,KCab-s_R,KC
849685478,KCab-m,KCab-m_R,KC
849707224,KCab-s,KCab-s_R,KC
850375847,VA1d_adPN,VA1d_adPN_R,PN
850717220,VP1l+VP3_ilPN,VP1l+VP3_ilPN,PN
856071065,VA1v_vPN,VA1v_vPN_R,PN
858725815,PAM03,PAM03(B2B'2a)_L,DAN
859265651,PPL107,PPL107_R,DAN
859765252,PAM06_a,PAM06_a(B'2m)_L,DAN
859925004,KCab-m,KCab-m_R,KC
860257495,KCab-m,KCab-m_R,KC
860261985,KCab-c,KCab-c_R,KC
860265987,KCab-m,KCab-m_R,KC
860266014,KCab-m,KCab-m_R,KC
860266062,KCab-m,KCab-m_R,KC
860266123,KCab-c,KCab-c_R,KC
860266309,KCab-m,KCab-m_R,KC
860266346,KCab-c,KCab-c_R,KC
860266377,KCab-c,KCab-c_R,KC
860266404,KCab-c,KCab-c_R,KC
860603005,KCab-c,KCab-c_R,KC
860607168,KCab-c,KCab-c_R,KC
860607367,KCab-c,KCab-c_R,KC
860607450,KCab-c,KCab-c_R,KC
860607455,KCab-c,KCab-c_R,KC
860607480,KCab-c,KCab-c_R,KC
860607503,KCab-c,KCab-c_R,KC
860944055,KCab-c,KCab-c_R,KC
860983686,PAM06_a,PAM06_a(B'2m)_R,DAN
861280857,KCab-p,KCab-p_R,KC
861285145,KCab-p,KCab-p_R,KC
861630613,KCa'b'-m,KCa'b'-m_R,KC
861634934,KCa'b'-m,KCa'b'-m_R,KC
861665641,MBON12,MBON12(y2a'1)_R,MBON
862312670,KCa'b'-ap1,KCa'b'-ap1_R,KC
862705904,PAM12,PAM12(y3)_R,DAN
863711565,PAM12,PAM12(y3)_R,DAN
877313996,KCab-c,KCab-c_R,KC
877318574,KCab-m,KCab-m_R,KC
877659583,KCab-m,KCab-m_R,KC
877659673,KCab-m,KCab-m_R,KC
877974490,KCab-c,KCab-c_R,KC
877982991,KCab-c,KCab-c_R,KC
877987539,KCab-c,KCab-c_R,KC
877987901,KCab-m,KCab-m_R,KC
877992236,KCab-m,KCab-m_R,KC
877992303,KCab-m,KCab-m_R,KC
878324222,KCab-c,KCab-c_R,KC
878324438,KCab-m,KCab-m_R,KC
878333234,KCab-c,KCab-c_R,KC
878333333,KCab-m,KCab-m_R,KC
878337317,KCab-m,KCab-m_R,KC
878652627,KCa'b'-m,KCa'b'-m_R,KC
878670047,KCab-m,KCab-m_R,KC
879032295,KCab-m,KCab-m_R,KC
880055173,KCab-s,KCab-s_R,KC
880383629,KCg-m,KCg-m_R,KC
880404940,KCab-m,KCab-m_R,KC
880409455,KCab-s,KCab-s_R,KC
881057369,KCg-m,KCg-m_R,KC
887105351,VA1v_vPN,VA1v_vPN_R,PN
890118683,PAM14,PAM14(B'1m)_L,DAN
891301236,KCab-m,KCab-m_R,KC
891301315,KCab-m,KCab-m_R,KC
891629070,KCab-s,KCab-s_R,KC
891637860,KCab-c,KCab-c_R,KC
891642176,KCab-c,KCab-c_R,KC
891642215,KCab-c,KCab-c_R,KC
891642281,KCab-c,KCab-c_R,KC
891642345,KCab-c,KCab-c_R,KC
891978843,KCab-c,KCab-c_R,KC
893149866,PAM12,PAM12(y3)_L,DAN
893158121,PAM04_a,PAM04_a(B2)_L,DAN
893347461,KCa'b'-ap2,KCa'b'-ap2_R,KC
893688605,KCa'b'-ap1,KCa'b'-ap1_R,KC
893710296,PAM14,PAM14(B'1m)_R,DAN
893805187,PAM08_e,PAM08_e(y4)_L,DAN
894020730,MBON31,MBON31(a'1a)_R,MBON
895441451,MBON26,MBON26(B'2d)_R,MBON
908340253,KCab-m,KCab-m_R,KC
908353540,KCab-m,KCab-m_R,KC
908668522,KCab-m,KCab-m_R,KC
908668556,KCab-m,KCab-m_R,KC
908685688,KCab-m,KCab-m_R,KC
908685859,KCab-m,KCab-m_R,KC
908689934,KCab-m,KCab-m_R,KC
908690107,KCab-m,KCab-m_R,KC
908699052,KCab-m,KCab-m_R,KC
909026561,KCab-m,KCab-m_R,KC
909026992,KCab-m,KCab-m_R,KC
909368173,KCab-m,KCab-m_R,KC
909372586,KCab-m,KCab-m_R,KC
909372602,KCab-m,KCab-m_R,KC
909704857,KCab-c,KCab-c_R,KC
909717461,KCg-d,KCg-d_R,KC
909730907,KCab-s,KCab-s_R,KC
909730911,KCab-m,KCab-m_R,KC
910063154,KCab-m,KCab-m_R,KC
910063307,KCab-s,KCab-s_R,KC
910386568,KCab-c,KCab-c_R,KC
910404284,KCab-m,KCab-m_R,KC
910412830,KCab-m,KCab-m_R,KC
911094343,KCab-m,KCab-m_R,KC
911400981,KCab-c,KCab-c_R,KC
911755444,KCg-m,KCg-m_R,KC
911759695,KCg-m,KCg-m_R,KC
912951014,MBON26,MBON26(B'2d)(PDM28)_L,MBON
922677093,KCab-c,KCab-c_R,KC
922677121,KCab-c,KCab-c_R,KC
923013923,KCab-c,KCab-c_R,KC
923018247,KCab-c,KCab-c_R,KC
923018290,KCab-m,KCab-m_R,KC
923027316,PAM14,PAM14(B'1m)_R,DAN
923359312,KCab-s,KCab-s_R,KC
923385340,PAM05,PAM05(B'2p)_R,DAN
923700162,KCa'b'-m,KCa'b'-m_R,KC
923726321,PAM04_a,PAM04_a(B2)_R,DAN
923869685,PAM06_a,PAM06_a(B'2m)_L,DAN
924429714,PAM08_b,PAM08_b(y4)_R,DAN
924723528,KCa'b'-ap1,KCa'b'-ap1_R,KC
925799233,PAM01_b,PAM01_b(y5)_R,DAN
939030036,KCab-m,KCab-m_R,KC
939729237,KCab-s,KCab-s_R,KC
939729706,KCab-c,KCab-c_R,KC
939733452,KCab-s,KCab-s_R,KC
939733918,KCa'b'-m,KCa'b'-m_R,KC
939734122,KCab-s,KCab-s_R,KC
939734266,KCab-m,KCab-m_R,KC
939738364,KCab-m,KCab-m_R,KC
939738376,KCab-s,KCab-s_R,KC
939738399,KCab-m,KCab-m_R,KC
939738424,KCab-c,KCab-c_R,KC
939738473,KCab-c,KCab-c_R,KC
939738477,KCab-m,KCab-m_R,KC
939742503,KCab-c,KCab-c_R,KC
939742609,KCab-c,KCab-c_R,KC
940070913,KCab-m,KCab-m_R,KC
940075056,KCab-p,KCab-p_R,KC
940075464,KCab-m,KCab-m_R,KC
940079170,KCab-s,KCab-s_R,KC
940079253,KCab-m,KCab-m_R,KC
940079513,KCab-m,KCab-m_R,KC
940079568,KCab-m,KCab-m_R,KC
940079657,KCab-m,KCab-m_R,KC
940079771,KCab-m,KCab-m_R,KC
940083749,KCab-c,KCab-c_R,KC
940084011,KCab-m,KCab-m_R,KC
940084060,KCab-m,KCab-m_R,KC
940084095,KCab-c,KCab-c_R,KC
940084152,KCab-c,KCab-c_R,KC
940087822,KCab-c,KCab-c_R,KC
940420292,KCa'b'-m,KCa'b'-m_R,KC
940425106,KCab-m,KCab-m_R,KC
940425171,KCab-s,KCab-s_R,KC
940425232,KCab-m,KCab-m_R,KC
940748411,KCab-m,KCab-m_R,KC
940752707,KCab-m,KCab-m_R,KC
940761352,KCab-c,KCab-c_R,KC
941102504,KCab-m,KCab-m_R,KC
941111195,KCab-m,KCab-m_R,KC
943118619,KCg-d,KCg-d_R,KC
948834414,VL2a_vPN,VL2a_vPN_R,PN
953029783,KCab-s,KCab-s_R,KC
953712141,KCab-m,KCab-m_R,KC
954053018,KCab-c,KCab-c_R,KC
954053251,KCab-c,KCab-c_R,KC
954053261,KCab-m,KCab-m_R,KC
954222134,PAM14,PAM14(B'1m)_L,DAN
954528474,PAM08_c,PAM08_c(y4)_L,DAN
954730964,KCab-s,KCab-s_R,KC
955464899,PAM12,PAM12(y3)_R,DAN
955591114,PAM14,PAM14(B'1m)_L,DAN
956138930,PAM08_a,PAM08_a(y4)_R,DAN
970772961,KCab-c,KCab-c_R,KC
970777114,KCab-c,KCab-c_R,KC
970777224,KCab-c,KCab-c_R,KC
971113967,KCab-c,KCab-c_R,KC
971118202,KCab-m,KCab-m_R,KC
971118588,KCab-c,KCab-c_R,KC
971118724,KCab-c,KCab-c_R,KC
971459227,KCab-m,KCab-m_R,KC
972080542,KCab-c,KCab-c_R,KC
972128731,KCg-m,KCg-m_R,KC
973146958,KCg-m,KCg-m_R,KC
973151229,KCg-m,KCg-m_R,KC
973488234,KCg-m,KCg-m_R,KC
973816592,KCg-d,KCg-d_R,KC
974843892,KCg-d,KCg-d_R,KC
975518615,KCg-d,KCg-d_R,KC
983759126,PAM12,PAM12(y3)_R,DAN
984405805,KCab-m,KCab-m_R,KC
984746802,KCab-m,KCab-m_R,KC
985131499,MBON22,MBON22(calyx)(PVL06)_L,MBON
985429128,KCab-m,KCab-m_R,KC
985813153,MBON21,MBON21(y4y5)(PVL06)_L,MBON
986793149,KCa'b'-ap2,KCa'b'-ap2_R,KC
986828383,PAM13,PAM13(B'1ap)_R,DAN
987997896,PAM13,PAM13(B'1ap)_L,DAN
988852391,PAM08_a,PAM08_a(y4)_R,DAN
