roi_label_a,roi_label_b
114,115
114,116
114,117
114,118
114,319
114,320
114,321
114,323
114,324
115,116
115,117
115,118
115,124
115,125
115,319
115,320
115,321
115,323
115,324
116,117
116,118
116,124
116,125
116,319
116,320
116,321
116,323
116,324
117,118
117,319
117,320
117,321
117,323
117,324
118,124
118,319
118,320
118,321
118,323
118,324
119,120
119,121
119,122
119,123
119,124
119,125
119,325
119,326
120,121
120,122
120,123
120,124
120,125
120,126
121,122
121,123
121,125
121,126
122,123
122,124
123,124
123,126
123,325
124,125
124,126
124,325
124,326
124,327
125,126
319,320
319,321
319,322
319,323
319,324
319,327
319,329
320,321
320,322
320,323
320,324
320,325
320,327
320,329
321,322
321,323
321,324
321,327
322,324
322,327
323,324
324,327
324,329
325,326
325,327
325,328
325,329
325,330
325,331
326,327
326,328
326,329
326,330
327,328
327,329
327,330
327,331
328,330
328,331
