roi_label,roi_name,mni_r,mni_a,mni_s
114,7Networks_LH_Limbic_OFC_1,-12,25,-21
115,7Networks_LH_Limbic_OFC_2,-24,23,-20
116,7Networks_LH_Limbic_OFC_3,-10,47,-21
117,7Networks_LH_Limbic_OFC_4,-4,23,-19
118,7Networks_LH_Limbic_OFC_5,-15,65,-8
119,7Networks_LH_Limbic_TempPole_1,-37,-5,-42
120,7Networks_LH_Limbic_TempPole_2,-25,6,-39
121,7Networks_LH_Limbic_TempPole_3,-26,-9,-33
122,7Networks_LH_Limbic_TempPole_4,-54,-21,-31
123,7Networks_LH_Limbic_TempPole_5,-40,-21,-27
124,7Networks_LH_Limbic_TempPole_6,-44,13,-34
125,7Networks_LH_Limbic_TempPole_7,-32,12,-29
126,7Networks_LH_Limbic_TempPole_8,-21,-21,-26
319,7Networks_RH_Limbic_OFC_1,13,24,-21
320,7Networks_RH_Limbic_OFC_2,23,22,-21
321,7Networks_RH_Limbic_OFC_3,8,47,-23
322,7Networks_RH_Limbic_OFC_4,20,43,-18
323,7Networks_RH_Limbic_OFC_5,5,22,-21
324,7Networks_RH_Limbic_OFC_6,9,63,-14
325,7Networks_RH_Limbic_TempPole_1,28,-1,-40
326,7Networks_RH_Limbic_TempPole_2,49,-7,-39
327,7Networks_RH_Limbic_TempPole_3,37,17,-38
328,7Networks_RH_Limbic_TempPole_4,39,-15,-31
329,7Networks_RH_Limbic_TempPole_5,29,12,-30
330,7Networks_RH_Limbic_TempPole_6,50,-28,-26
331,7Networks_RH_Limbic_TempPole_7,23,-18,-27
